CUST_ID,BALANCE,BALANCE_FREQUENCY,PURCHASES,ONEOFF_PURCHASES,INSTALLMENTS_PURCHASES,CASH_ADVANCE,PURCHASES_FREQUENCY,ONEOFF_PURCHASES_FREQUENCY,PURCHASES_INSTALLMENTS_FREQUENCY,CASH_ADVANCE_FREQUENCY,CASH_ADVANCE_TRX,PURCHASES_TRX,CREDIT_LIMIT,PAYMENTS,MINIMUM_PAYMENTS,PRC_FULL_PAYMENT,TENURE
C10001,40.900749,0.818182,95.4,0,95.4,0,0.166667,0,0.083333,0,0,2,1000,201.802084,139.509787,0,12
C10002,3202.467416,0.909091,0,0,0,6442.945483,0,0,0,0.25,4,0,7000,4103.032597,1072.340217,0.222222,12
C10003,2495.148862,1,773.17,773.17,0,0,1,1,0,0,0,12,7500,622.066742,627.284787,0,12
C10004,1666.670542,0.636364,1499,1499,0,205.788017,0.083333,0.083333,0,0.083333,1,1,7500,0,,0,12
C10005,817.714335,1,16,16,0,0,0.083333,0.083333,0,0,0,1,1200,678.334763,244.791237,0,12
C10006,1809.828751,1,1333.28,0,1333.28,0,0.666667,0,0.583333,0,0,8,1800,1400.05777,2407.246035,0,12
C10007,627.260806,1,7091.01,6402.63,688.38,0,1,1,1,0,0,64,13500,6354.314328,198.065894,1,12
C10008,1823.652743,1,436.2,0,436.2,0,1,0,1,0,0,12,2300,679.065082,532.03399,0,12
C10009,1014.926473,1,861.49,661.49,200,0,0.333333,0.083333,0.25,0,0,5,7000,688.278568,311.963409,0,12
C10010,152.225975,0.545455,1281.6,1281.6,0,0,0.166667,0.166667,0,0,0,3,11000,1164.770591,100.302262,0,12
C10011,1293.124939,1,920.12,0,920.12,0,1,0,1,0,0,12,1200,1083.301007,2172.697765,0,12
C10012,630.794744,0.818182,1492.18,1492.18,0,0,0.25,0.25,0,0,0,6,2000,705.618627,155.549069,0,12
C10013,1516.92862,1,3217.99,2500.23,717.76,0,1,0.25,0.916667,0,0,26,3000,608.263689,490.207013,0.25,12
C10014,921.693369,1,2137.93,419.96,1717.97,0,0.75,0.166667,0.75,0,0,26,7500,1655.891435,251.137986,0.083333,12
C10015,2772.772734,1,0,0,0,346.81139,0,0,0,0.083333,1,0,3000,805.647974,989.962866,0,12
C10016,6886.213231,1,1611.7,0,1611.7,2301.491267,0.5,0,0.5,0.166667,4,11,8000,1993.439277,2109.90649,0,12
C10017,2072.074354,0.875,0,0,0,2784.274703,0,0,0,0.25,3,0,3000,391.974562,376.579631,0,8
C10018,41.089489,0.454545,519,0,519,0,0.416667,0,0.333333,0,0,8,2500,254.590662,73.203221,0.25,12
C10019,1989.072228,1,504.35,166,338.35,0,0.666667,0.083333,0.583333,0,0,9,13000,1720.837373,744.613395,0,12
C10020,3577.970933,1,398.64,0,398.64,0,1,0,1,0,0,12,4000,1053.980464,12465.54938,0,12
C10021,2016.684686,1,176.68,0,176.68,0,0.666667,0,0.666667,0,0,8,2000,223.0686,13557.29726,0,12
C10022,6369.531318,1,6359.95,5910.04,449.91,229.028245,1,0.916667,1,0.333333,6,92,11250,2077.959051,1659.775075,0,12
C10023,132.34224,0.636364,815.9,0,815.9,0,1,0,1,0,0,17,1800,2359.629958,86.329554,0,12
C10024,3800.151377,0.818182,4248.35,3454.56,793.79,7974.415626,1,0.083333,0.916667,0.333333,13,13,9000,9479.043842,1425.426525,0,12
C10025,5368.571219,1,0,0,0,798.949863,0,0,0,0.363636,4,0,6000,1422.726707,1657.002877,0,11
C10026,169.781679,1,399.6,0,399.6,0,1,0,1,0,0,12,3000,215.306142,163.005536,0,12
C10027,1615.96724,1,102,102,0,244.840485,0.166667,0.166667,0,0.25,5,2,1700,890.178845,971.183209,0,12
C10028,125.694817,1,233.28,0,233.28,0,1,0,1,0,0,12,1000,207.773715,164.748819,0,12
C10029,7152.864372,1,387.05,204.55,182.5,2236.145259,0.666667,0.166667,0.416667,0.833333,16,8,10500,1601.448347,1648.851345,0,12
C10030,22.06349,1,100,0,100,0,0.416667,0,0.416667,0,0,5,6900,160.767773,159.684442,0,12
C10031,12136.21996,1,3038.01,1013.2,2024.81,3183.583301,1,0.166667,1,0.5,10,64,13000,4230.323491,3292.01503,0,12
C10032,1162.273324,1,1347.71,400,947.71,175.815755,1,0.083333,1,0.166667,2,45,6000,645.998299,256.848991,0,12
C10033,6732.823064,1,324.95,324.95,0,1189.533753,0.083333,0.083333,0,0.166667,3,3,10500,1720.118876,2506.745366,0,12
C10034,125.660453,1,636.79,636.79,0,0,0.916667,0.916667,0,0,0,11,1200,423.449696,196.301885,0.3,12
C10035,3517.101616,0.727273,547.28,0,547.28,0,1,0,1,0,0,14,11000,8735.607835,17862.55831,0,12
C10036,1656.350781,1,0,0,0,99.264367,0,0,0,0.083333,1,0,1800,351.500199,634.569311,0,12
C10037,7427.076941,1,0,0,0,8873.375046,0,0,0,0.727273,11,0,9000,1636.361601,1986.843608,0,11
C10038,4047.480828,1,2380.55,1642.17,738.38,1697.660901,0.75,0.5,0.75,0.333333,7,41,5000,1617.894416,1541.141605,0,12
C10039,6269.418144,1,204,204,0,2925.699862,0.083333,0.083333,0,0.333333,12,2,9000,1237.111661,2049.408839,0,12
C10040,1411.60223,0.454545,963.24,963.24,0,6173.682877,0.083333,0.083333,0,0.333333,6,6,7500,20071.07544,719.948985,0.333333,12
C10041,663.44781,0.727273,0,0,0,3133.063934,0,0,0,0.25,3,0,1800,3067.05783,283.333445,0.166667,12
C10043,784.889762,0.909091,1526.59,786.3,740.29,2188.419607,0.583333,0.416667,0.333333,0.25,11,27,3000,1262.309666,363.142736,0.111111,12
C10044,4104.710798,1,203.82,203.82,0,0,0.083333,0.083333,0,0,0,1,4500,868.275275,1801.264841,0,12
C10045,1360.742377,1,0,0,0,1481.587093,0,0,0,0.083333,1,0,1500,378.294227,321.354137,0,12
C10046,5315.945594,1,1525.44,469.8,1055.64,0,1,0.333333,1,0,0,20,8500,1430.341501,1318.71492,0,12
C10047,2242.311686,1,437,97,340,184.648692,0.333333,0.083333,0.333333,0.166667,2,5,2400,0,,0,12
C10048,474.447149,0.5,109.74,0,109.74,1013.659552,0.375,0,0.25,0.125,1,3,1700,176.013005,147.199792,0,8
C10049,3910.111237,1,0,0,0,1980.873201,0,0,0,0.5,7,0,4200,0,,0,12
C10050,229.867179,1,2390.6,1402.93,987.67,0,1,0.666667,1,0,0,87,3300,2543.953559,175.657825,0.916667,12
C10051,863.809833,1,507.5,507.5,0,695.097159,0.166667,0.166667,0,0.083333,2,3,4000,587.866451,286.448719,0.083333,12
C10052,4931.331857,1,901.42,646.07,255.35,8530.648614,0.625,0.375,0.25,0.875,37,9,12000,8113.297346,1012.415961,0,8
C10053,1078.888565,1,3107.85,2221.74,886.11,0,0.666667,0.583333,0.5,0,0,18,2500,1399.82834,1322.446601,0,12
C10054,1565.681099,1,0,0,0,321.359135,0,0,0,0.25,3,0,3500,691.825279,581.481917,0,12
C10055,464.674156,0.888889,1979.22,1979.22,0,1981.265503,0.666667,0.666667,0,0.111111,1,11,3000,3110.052742,132.446091,0.2,9
C10056,6.660517,0.636364,310,0,310,0,0.666667,0,0.666667,0,0,8,1000,417.016763,,0,12
C10057,1311.995984,1,1283.9,1283.9,0,0,0.25,0.25,0,0,0,6,6000,0,,0,12
C10058,3625.218146,1,313.27,313.27,0,668.468743,0.25,0.25,0,0.416667,5,4,4000,0,,0,12
C10059,2386.330629,1,5217.62,4789.09,428.53,0,0.916667,0.916667,0.5,0,0,42,7500,5678.729613,1311.514878,0.083333,12
C10060,3971.138765,1,0,0,0,224.575517,0,0,0,0.181818,3,0,4000,764.938728,1600.212243,0,11
C10061,5493.90406,1,229,0,229,970.591332,0.416667,0,0.333333,0.333333,4,6,6000,2110.557023,1895.02617,0,12
C10062,1879.114033,0.727273,113,113,0,0,0.166667,0.166667,0,0,0,2,6500,3509.686561,548.105836,0,12
C10063,1555.793701,1,66.2,66.2,0,0,0.083333,0.083333,0,0,0,1,1600,338.083661,837.215674,0,12
C10064,809.582978,0.909091,0,0,0,3819.672466,0,0,0,0.545455,7,0,4150,4372.148648,241.645387,0.090909,11
C10065,7.152356,0.090909,840,840,0,0,0.083333,0.083333,0,0,0,1,1600,0,,0,12
C10067,1923.886805,1,1887.64,0,1887.64,1605.949371,1,0,1,0.083333,4,61,1850,3688.045998,3266.996777,0.083333,12
C10068,1758.059987,1,412.33,325.21,87.12,0,0.583333,0.333333,0.166667,0,0,11,1800,777.451648,897.905444,0,12
C10069,809.847455,0.875,0,0,0,908.423608,0,0,0,0.125,1,0,1500,146.074769,179.412493,0,8
C10070,1576.305029,1,0,0,0,382.908547,0,0,0,0.416667,6,0,2500,540.022225,352.883804,0,12
C10071,3990.523579,1,263.5,190.6,72.9,0,0.666667,0.083333,0.583333,0,0,8,6000,6876.836205,1001.607366,0.083333,12
C10072,1699.435486,1,1363.69,1363.69,0,0,0.333333,0.333333,0,0,0,4,1700,1623.816348,923.505868,0,12
C10073,5487.683724,1,419.1,0,419.1,625.399386,0.916667,0,0.833333,0.333333,4,11,6250,1288.214909,2180.881868,0,12
C10074,2990.422186,0.909091,4523.27,1664.09,2859.18,27296.48576,0.666667,0.5,0.583333,0.833333,27,33,7000,28232.69446,1107.030803,0.454545,12
C10075,656.01301,1,0,0,0,1474.349901,0,0,0,0.125,3,0,7000,910.457985,140.983193,0.25,8
C10077,1808.972419,1,713.9,503.08,210.82,0,0.5,0.1,0.4,0,0,8,2250,889.017418,622.757696,0,10
C10078,532.334517,0.909091,791.94,516.64,275.3,0,0.272727,0.090909,0.181818,0,0,7,6000,1305.177304,175.510344,0,11
C10079,5860.433624,1,561.87,249.5,312.37,0,0.833333,0.166667,0.75,0,0,14,6000,1990.044998,2161.428274,0,12
C10080,1727.638449,1,606.11,606.11,0,0,1,1,0,0,0,17,11000,2959.920544,623.656993,0,12
C10081,578.809679,1,320,0,320,0,0.75,0,0.666667,0,0,8,1500,1438.910569,190.186542,0,12
C10082,1205.716678,1,0,0,0,38.325801,0,0,0,0.083333,1,0,1200,29.278671,8242.687678,0,12
C10083,6593.820644,1,388.66,388.66,0,4621.93458,0.583333,0.583333,0,0.416667,7,7,7000,1624.583114,2503.40234,0,12
C10084,17.357563,0.909091,244.85,40.21,204.64,0,0.666667,0.166667,0.583333,0,0,13,5000,357.802082,121.523416,0.181818,12
C10085,81.584711,0.272727,0,0,0,2985.300006,0,0,0,0.166667,5,0,9500,116.569033,164.692136,0,12
C10086,3.78631,0.636364,133.05,28.2,104.85,0,0.416667,0.166667,0.25,0,0,5,12000,210.053432,99.533735,0.444444,12
C10087,42.46443,0.545455,396,0,396,0,0.5,0,0.416667,0,0,12,1200,725.606194,140.809454,1,12
C10088,1935.362486,1,4915.6,4515.34,400.26,293.844792,1,1,0.333333,0.083333,1,50,9000,4921.066897,594.756686,0,12
C10089,134.917202,1,1247.8,1247.8,0,0,1,1,0,0,0,22,16500,1275.229436,171.357189,1,12
C10090,7069.950386,1,1603.78,1445.14,158.64,5626.004046,1,0.833333,1,0.75,23,23,11000,4589.873897,1876.262988,0,12
C10092,8181.251131,1,2258.01,1318.78,939.23,5251.228934,1,0.75,1,0.75,21,60,13500,3021.575846,2074.581541,0,12
C10093,4037.305658,1,45,45,0,104.238064,0.083333,0.083333,0,0.083333,1,1,4500,1073.844885,968.941265,0,12
C10094,6110.265264,1,0,0,0,2717.253917,0,0,0,0.416667,14,0,6500,1502.205631,2864.380327,0,12
C10095,9381.255094,1,5100.07,1147.83,3952.24,370.737197,1,0.25,0.916667,0.083333,1,46,9000,6409.496345,9827.045323,0,12
C10096,1977.00709,1,1032.04,226.9,805.14,4335.919227,0.909091,0.090909,0.818182,0.545455,21,17,4000,3056.424974,910.707525,0.090909,11
C10097,1321.47608,1,45.65,45.65,0,495.657934,0.083333,0.083333,0,0.083333,1,1,1800,440.840439,312.560636,0,12
C10098,1307.717841,1,405.6,405.6,0,0,0.166667,0.166667,0,0,0,2,2400,0,,0,12
C10099,2329.485768,1,213.34,213.34,0,0,0.25,0.25,0,0,0,3,2400,0,,0,12
C10100,1139.782882,1,0,0,0,120.612912,0,0,0,0.083333,1,0,1200,151.823651,2906.110765,0,12
C10101,1619.955708,1,739.44,739.44,0,0,0.666667,0.666667,0,0,0,11,6000,417.128532,389.138517,0,12
C10102,3505.671311,1,0,0,0,1713.984305,0,0,0,0.5,6,0,4000,0,,0,12
C10103,4.708041,0.363636,79,0,79,0,0.25,0,0.166667,0,0,3,7000,217.820198,121.781205,1,12
C10104,0,0,0,0,0,89.849004,0,0,0,0.142857,1,0,3000,138.021428,,0,7
C10105,4.875885,0.666667,20,20,0,0,0.111111,0.111111,0,0,0,1,1500,26.487919,60.913577,0,9
C10106,23.394411,0.272727,1346.28,0,1346.28,0,1,0,1,0,0,12,2000,712.149153,54.79166,0,12
C10107,3539.801912,1,2823.8,1540.41,1283.39,0,0.916667,0.916667,0.833333,0,0,75,5700,9172.788366,2103.796148,0.083333,12
C10108,0.62424,0.090909,389.96,0,389.96,0,1,0,1,0,0,31,4500,0,,0,12
C10109,862.07238,1,0,0,0,920.309805,0,0,0,0.083333,1,0,4000,2236.890255,214.828158,0.083333,12
C10110,2441.542991,1,808,808,0,959.857263,0.25,0.25,0,0.333333,6,4,4000,532.741699,1026.976,0,12
C10111,408.656365,1,941.64,0,941.64,0,1,0,1,0,0,12,2500,1097.78942,176.610605,0.083333,12
C10112,4986.400804,1,0,0,0,5439.467563,0,0,0,0.583333,40,0,8000,1241.538024,1439.230899,0,12
C10113,1246.624558,1,423.7,177.64,246.06,412.399058,0.666667,0.166667,0.5,0.083333,2,10,2000,577.050373,498.365419,0,12
C10114,6644.201651,1,4478.75,2721.59,1757.16,7205.520805,1,0.916667,1,0.583333,21,64,9000,10857.94321,2469.571326,0.083333,12
C10115,156.216753,0.818182,1354.86,585.63,769.23,0,0.916667,0.333333,0.833333,0,0,34,5500,858.976682,108.319927,0,12
C10116,3393.351236,1,0,0,0,1008.348672,0,0,0,0.083333,2,0,4200,0,,0,12
C10117,5322.994094,1,2812.2,857.12,1955.08,2510.352951,1,0.25,1,0.333333,8,81,8500,1509.423237,1834.031569,0,12
C10118,6458.56209,1,0,0,0,3360.228794,0,0,0,0.25,11,0,7000,1277.76778,2760.115734,0,12
C10119,175.341651,0.818182,1508.9,1252.36,256.54,0,0.666667,0.416667,0.333333,0,0,14,5000,1884.227778,136.639824,1,12
C10120,680.195157,1,1045.57,667.95,377.62,0,1,0.583333,1,0,0,25,3000,552.432305,207.720441,0,12
C10121,223.763616,0.636364,2309.78,0,2309.78,0,0.583333,0,0.5,0,0,12,6500,1206.81188,99.372848,0.333333,12
C10122,1785.626943,1,0,0,0,576.206382,0,0,0,0.25,10,0,1800,687.691735,2439.136113,0,12
C10123,54.933231,0.272727,495,0,495,0,0.166667,0,0.166667,0,0,2,7000,1969.845566,147.049952,1,12
C10124,2662.629852,1,0,0,0,509.023801,0,0,0,0.333333,4,0,3000,932.418855,709.207016,0,12
C10125,8504.876253,1,6724.26,4100.08,2624.18,1686.599777,1,0.916667,1,0.5,10,85,17000,1888.756861,2167.446204,0,12
C10126,1464.324632,1,1174.39,1174.39,0,0,0.25,0.25,0,0,0,8,9000,0,,0,12
C10127,2114.158683,1,5580.85,0,5580.85,0,1,0,1,0,0,75,8500,3564.977774,630.00413,0,12
C10128,2876.396444,1,0,0,0,998.84867,0,0,0,0.166667,2,0,3200,1065.426905,1412.648089,0,12
C10130,14224.11541,1,0,0,0,4614.427403,0,0,0,0.333333,9,0,19000,3066.614272,3406.258999,0,12
C10131,2392.917738,1,12462.44,12462.44,0,0,0.916667,0.916667,0,0,0,217,2800,11628.71557,2000.990921,0,12
C10132,57.453201,0.75,0,0,0,272.713302,0,0,0,0.125,1,0,1200,385.853874,84.697292,0.166667,8
C10133,4245.855092,1,1957.3,1077.3,880,0,0.833333,0.166667,0.583333,0,0,19,5000,1004.35474,1086.428906,0,12
C10134,11167.23403,1,150.64,150.64,0,8362.154254,0.083333,0.083333,0,0.5,14,1,17000,2606.059389,2894.077159,0,12
C10135,69.405545,0.090909,0,0,0,2799.714934,0,0,0,0.083333,3,0,13000,0,,0,12
C10136,116.654149,0.272727,907,907,0,273.558033,0.25,0.25,0,0.083333,1,8,5000,0,,0,12
C10137,4637.848144,1,1271.12,351.54,919.58,0,0.833333,0.25,0.833333,0,0,33,5000,1906.032044,3572.279251,0,12
C10138,24.28497,0.636364,250.6,0,250.6,0,0.583333,0,0.5,0,0,7,3000,319.762903,173.632006,0,12
C10139,9354.06045,1,796.33,796.33,0,13748.47131,0.083333,0.083333,0,0.666667,16,1,13000,10664.65866,2600.875721,0.083333,12
C10140,231.108995,1,440,0,440,0,0.916667,0,0.916667,0,0,22,4000,554.116542,185.091037,0,12
C10141,1562.633343,1,1330.62,1169.63,160.99,0,0.5,0.166667,0.25,0,0,8,2000,1020.783647,709.610053,0,12
C10142,2494.868559,1,5491.79,1390.5,4101.29,0,1,0.5,1,0,0,52,17000,1015.311953,615.92402,0,12
C10143,706.132889,1,897.86,714.52,183.34,586.268966,0.916667,0.333333,0.916667,0.25,3,18,1200,972.358048,184.524376,0,12
C10144,19043.13856,1,22009.92,9449.07,12560.85,0,1,0.75,1,0,0,216,18000,23018.57583,18621.01331,0,12
C10145,2235.103331,1,720.6,720.6,0,723.308724,1,1,0,0.083333,1,12,2500,1061.292471,689.118919,0,12
C10146,947.13081,1,197.06,148.66,48.4,0,0.333333,0.25,0.166667,0,0,5,1000,492.200419,509.384182,0,12
C10147,764.042156,0.818182,0,0,0,1307.102516,0,0,0,0.166667,3,0,7500,1566.806897,172.959728,0,12
C10148,5347.814547,1,0,0,0,4002.353384,0,0,0,0.5,9,0,7000,0,,0,12
C10149,10598.46777,1,2084.48,1300.48,784,0,0.666667,0.416667,0.583333,0,0,13,21500,3219.621433,3068.125648,0,12
C10150,2163.678757,1,5779.36,3436.53,2342.83,0,1,1,1,0,0,97,6500,4416.41268,546.439139,0,12
C10151,3057.400553,1,1025,1025,0,0,0.083333,0.083333,0,0,0,2,7500,698.854095,819.682666,0,12
C10152,19.354559,0.909091,689.7,0,689.7,0,0.833333,0,0.833333,0,0,10,10000,746.691026,,0,12
C10153,264.811595,1,28.65,28.65,0,384.26178,0.083333,0.083333,0,0.083333,1,1,9000,1235.630069,194.324456,0.083333,12
C10154,1108.22253,0.909091,944.96,164.96,780,0,0.5,0.25,0.416667,0,0,9,1500,1955.198953,992.652486,0,12
C10155,906.573724,1,1039.2,80,959.2,103.102091,0.833333,0.083333,0.833333,0.083333,1,11,13500,1855.235407,468.196732,0.083333,12
C10156,7679.62904,1,4059.93,0,4059.93,555.469352,0.583333,0,0.5,0.166667,7,14,7000,3685.61062,12854.9397,0,12
C10157,1523.911458,1,4075.37,3322.28,753.09,0,1,1,1,0,0,31,6500,2254.26002,329.29648,0,12
C10158,49.206256,1,870.24,0,870.24,0,1,0,1,0,0,24,8000,835.839952,193.011166,1,12
C10159,13673.07961,1,9792.23,3959.81,5832.42,2444.445738,1,0.75,1,0.75,26,216,20000,11717.30794,6042.391629,0,12
C10160,106.455975,0.636364,2463.12,789.53,1673.59,0,1,0.5,1,0,0,46,4000,2573.722764,95.342224,0.636364,12
C10161,119.760904,0.363636,1859.34,0,1859.34,0,0.333333,0,0.25,0,0,4,20000,3104.275623,288.903628,0.25,12
C10162,5837.105453,1,3488.49,3262.25,226.24,3303.1523,1,1,0.5,0.75,15,46,7900,0,,0,12
C10163,1734.510004,1,0,0,0,66.275851,0,0,0,0.166667,2,0,1800,363.474455,2827.997525,0,12
C10164,2765.748281,1,7283.31,5087.31,2196,0,1,1,0.666667,0,0,77,11000,14373.3929,1058.128452,0.25,12
C10165,1046.37041,1,295,295,0,93.579809,0.083333,0.083333,0,0.083333,1,2,1200,439.407082,362.838185,0,12
C10166,2737.367678,1,0,0,0,429.691164,0,0,0,0.416667,5,0,3000,778.827993,721.798576,0,12
C10167,4014.818167,1,0,0,0,988.356213,0,0,0,0.083333,1,0,8500,1009.185035,1177.149934,0,12
C10168,871.568977,1,648.22,115,533.22,0,1,0.083333,1,0,0,27,1200,1110.886425,208.298424,0,12
C10169,1610.040203,1,557.19,525.64,31.55,0,0.25,0.083333,0.166667,0,0,5,4000,422.711848,616.005839,0,12
C10170,114.593817,1,469.98,0,469.98,0,1,0,0.833333,0,0,6,1000,367.109312,86.102479,0.5,6
C10171,5800.587339,1,0,0,0,369.950794,0,0,0,0.083333,1,0,6500,1346.365584,1972.526015,0,12
C10172,823.103926,0.363636,131.64,0,131.64,0,1,0,1,0,0,12,8000,2916.071564,243.199498,0,12
C10173,595.677343,1,5078.14,4330.53,747.61,1424.442602,0.916667,0.666667,0.75,0.083333,1,42,15000,4756.654374,241.894073,0.916667,12
C10174,1128.124563,1,924.6,0,924.6,0,1,0,1,0,0,12,1000,1202.711782,1747.037345,0,12
C10175,349.441102,1,1975.4,1393.5,581.9,0,0.666667,0.416667,0.333333,0,0,17,4000,1795.012223,167.219681,0,12
C10176,840.804076,0.666667,0,0,0,3671.777443,0,0,0,0.222222,5,0,4000,3621.266477,193.171404,0,9
C10177,975.942008,1,10221.35,7141.38,3079.97,1620.685551,1,1,0.833333,0.583333,18,130,10500,10693.49585,347.641073,0.75,12
C10178,23.111088,0.363636,300,0,300,0,0.25,0,0.166667,0,0,3,12500,291.948834,43.452683,0.181818,12
C10179,2187.732265,0.857143,0,0,0,3905.326256,0,0,0,0.285714,9,0,3000,1423.788603,461.365626,0.2,7
C10180,11972.01104,1,5715,4685.54,1029.46,1626.351366,1,1,1,0.166667,3,90,14000,4639.513745,3192.306018,0,12
C10181,1608.451822,1,0,0,0,205.737165,0,0,0,0.166667,2,0,1800,470.565984,408.799147,0,12
C10182,1872.926275,1,766.61,766.61,0,1017.120578,0.833333,0.833333,0,0.25,5,12,2300,0,,0,12
C10183,2933.240476,1,0,0,0,2040.433925,0,0,0,0.583333,13,0,3000,2431.578544,1739.74883,0,12
C10184,336.799916,1,3535.8,1614.7,1921.1,0,1,0.416667,0.916667,0,0,44,20000,2814.231227,186.230835,1,12
C10185,36.236312,0.454545,256.11,0,256.11,0,0.416667,0,0.416667,0,0,5,5300,831.375322,189.036967,0.166667,12
C10186,903.29781,1,2697.48,150.5,2546.98,0,1,0.333333,1,0,0,39,2500,1686.196344,303.361632,0,12
C10187,0,0,23,0,23,0,0.083333,0,0.083333,0,0,1,5000,0,,0,12
C10188,2881.253586,1,117,0,117,17661.49486,0.25,0,0.166667,0.75,28,3,4500,17301.83238,931.618475,0.166667,12
C10189,5.465999,0.090909,196.81,173,23.81,0,0.083333,0.083333,0.083333,0,0,3,12000,0,,0,12
C10190,117.442684,1,653.73,493,160.73,0,0.666667,0.416667,0.416667,0,0,15,10000,441.588141,136.827952,0,12
C10191,168.522709,0.818182,2009.05,0,2009.05,0,0.833333,0,0.75,0,0,22,1200,2612.760497,197.638558,0.142857,12
C10192,1706.014379,1,147.78,0,147.78,1657.090283,0.166667,0,0.166667,0.25,4,2,6000,1186.062765,374.595505,0,12
C10193,874.583247,1,516.54,159.07,357.47,0,1,0.333333,0.916667,0,0,30,900,579.749308,693.894717,0,12
C10194,861.001207,1,969.56,969.56,0,446.233197,0.416667,0.416667,0,0.083333,1,6,2400,0,,0,12
C10196,966.251742,1,311.45,311.45,0,955.959749,0.333333,0.333333,0,0.083333,1,15,1500,277.522439,286.299328,0,12
C10197,38.615644,0.727273,280.4,280.4,0,0,0.25,0.25,0,0,0,3,6150,254.392984,55.79974,0.090909,12
C10198,189.687964,1,66.14,66.14,0,0,0.083333,0.083333,0,0,0,2,6000,0,,0,12
C10199,40.417255,0.363636,79.2,79.2,0,1631.576375,0.083333,0.083333,0,0.083333,1,1,4000,1647.880773,24.815878,0.083333,12
C10200,5462.897068,1,1453.32,0,1453.32,0,0.5,0,0.5,0,0,18,16500,1382.269127,1755.253802,0,12
C10201,3983.923705,1,756.54,756.54,0,0,0.5,0.5,0,0,0,15,4000,1110.870941,1431.201171,0,12
C10202,5588.846272,1,3507.35,603.75,2903.6,0,0.916667,0.166667,0.833333,0,0,34,11500,1412.597253,1825.176503,0,12
C10203,281.170378,0.818182,3163.69,56.8,3106.89,0,0.75,0.083333,0.666667,0,0,36,8000,2422.911622,187.046284,0.888889,12
C10204,130.251538,0.909091,1343.19,1082.79,260.4,0,1,1,0.583333,0,0,33,15000,1043.55929,182.429461,0.545455,12
C10205,1973.814964,1,873,873,0,0,0.166667,0.166667,0,0,0,5,8000,541.722532,762.682834,0,12
C10206,5698.539876,1,47.55,0,47.55,2039.52804,0.166667,0,0.166667,0.75,14,2,6000,2976.579866,3463.174962,0,12
C10207,43.103899,0.454545,370,370,0,0,0.166667,0.166667,0,0,0,2,23000,1212.054219,68.725483,0,12
C10208,566.546048,0.909091,405.75,313.75,92,1044.651618,0.5,0.166667,0.416667,0.333333,6,12,2000,1249.835142,313.052687,0,12
C10209,24.527253,0.909091,261.64,0,261.64,0,0.833333,0,0.833333,0,0,10,4000,376.758504,169.78292,0.818182,12
C10211,8350.145568,1,1989.28,842.8,1146.48,893.757903,0.333333,0.166667,0.166667,0.083333,2,8,14000,4720.900413,2557.044576,0,12
C10212,4559.779234,1,10848.5,8208,2640.5,0,1,0.666667,1,0,0,123,7500,9423.715495,2925.275522,0,12
C10213,2.67713,0.090909,43.39,0,43.39,0,0.083333,0,0.083333,0,0,1,4000,130.107234,29.700051,0.090909,12
C10214,1570.682346,1,645.32,645.32,0,1665.331678,0.166667,0.166667,0,0.416667,9,2,1800,2591.391006,808.217224,0,12
C10215,7201.736985,1,987.1,862.1,125,5468.620604,0.333333,0.333333,0.083333,0.25,16,9,10500,1941.541158,2391.987571,0,12
C10216,6467.885013,1,1464.14,978.71,485.43,3947.86784,0.833333,0.583333,0.666667,0.416667,10,23,11500,1658.563509,1887.413517,0,12
C10217,64.080909,0.454545,927,600,327,0,0.25,0.083333,0.166667,0,0,4,5000,1260.16384,59.04439,0.222222,12
C10218,5635.860679,1,393.62,153.72,239.9,5933.467329,0.916667,0.916667,0.166667,0.75,24,15,10000,1919.630466,1731.549385,0,12
C10219,3670.50596,1,965.5,876.13,89.37,0,0.5,0.5,0.083333,0,0,9,7500,1034.932404,941.496383,0,12
C10220,2458.376257,0.818182,0,0,0,102.275984,0,0,0,0.083333,1,0,7500,4543.63481,647.20869,0,12
C10221,768.004936,1,336.41,336.41,0,0,0.75,0.75,0,0,0,9,6000,947.696134,217.027653,0,12
C10222,75.647479,0.727273,540,0,540,0,0.25,0,0.166667,0,0,3,4000,548.967281,48.659935,0,12
C10223,2.433254,0.181818,36,0,36,0,0.166667,0,0.083333,0,0,2,7500,0,,0,12
C10224,1121.730896,1,878.52,103.1,775.42,197.648111,1,0.166667,0.916667,0.083333,1,39,1500,542.836917,471.496776,0,12
C10226,7.56809,0.545455,144.26,67.08,77.18,0,0.333333,0.083333,0.166667,0,0,7,11500,134.710832,75.515008,0.111111,12
C10227,2053.441598,1,493.85,441.35,52.5,1738.33378,0.5,0.333333,0.25,0.833333,16,10,2000,2795.059574,2661.324808,0,12
C10228,2422.311938,1,4490.69,3456.25,1034.44,188.783221,1,0.916667,1,0.083333,1,52,8500,5763.666926,582.589765,0,12
C10229,9047.621884,1,11188.62,6099.16,5089.46,0,1,0.75,1,0,0,151,10000,11994.41815,8517.258683,0,12
C10230,3061.213971,1,1829.2,1792.7,36.5,0,1,1,0.083333,0,0,17,7000,971.234118,985.954762,0,12
C10231,41.642389,0.857143,75.99,75.99,0,0,0.142857,0.142857,0,0,0,1,2700,69.163384,99.401747,0,7
C10232,5431.622968,1,1824.16,1598.56,225.6,0,1,0.916667,0.75,0,0,23,14500,1508.016452,1370.519926,0,12
C10233,6571.484039,1,9325.22,9325.22,0,0,0.333333,0.333333,0,0,0,5,8500,11036.72668,1824.680131,0,12
C10234,28.461629,1,100,100,0,0,0.083333,0.083333,0,0,0,1,4000,125.769169,104.857518,0,12
C10235,4178.625215,1,1431.89,430.69,1001.2,0,1,0.416667,0.833333,0,0,39,4000,2384.542045,3868.70983,0,12
C10236,3019.019487,1,2260.41,1356.33,904.08,0,0.833333,0.416667,0.75,0,0,25,8500,2187.930651,739.224894,0,12
C10237,1.045584,0.333333,0,0,0,466.643895,0,0,0,0.111111,1,0,1200,1068.581252,25.537,0.5,9
C10238,2723.369217,0.909091,10410.49,1158.84,9251.65,0,0.75,0.666667,0.583333,0,0,41,19500,9695.650901,726.696049,0.363636,12
C10239,1070.999446,1,990.7,482,508.7,0,0.75,0.25,0.583333,0,0,13,1400,505.317328,438.324017,0,12
C10240,279.608696,1,3034.92,0,3034.92,0,1,0,1,0,0,12,2900,2928.909865,2733.317012,0.083333,12
C10241,1255.901821,1,1038.81,1038.81,0,1092.634704,0.916667,0.916667,0,0.083333,1,21,5700,1215.454299,422.331098,0,12
C10242,2229.857287,1,45.65,45.65,0,0,0.083333,0.083333,0,0,0,1,2500,542.7463,628.211031,0,12
C10243,2363.489077,1,2641.98,1386.3,1255.68,263.884743,0.833333,0.666667,0.75,0.083333,1,41,3000,1839.928884,1075.456585,0,12
C10244,4014.388265,1,1189.52,1189.52,0,0,1,1,0,0,0,12,8000,0,,0,12
C10245,7623.224897,1,300,0,300,2800.728343,0.5,0,0.416667,0.25,3,6,12000,1975.974183,1774.584333,0,12
C10246,3421.571922,1,126.69,42.88,83.81,154.341344,0.333333,0.083333,0.25,0.083333,1,5,10500,2515.435738,975.504012,0,12
C10247,48.898611,0.545455,247.09,0,247.09,182.357669,0.5,0,0.416667,0.166667,3,7,5500,409.594792,69.921472,0,12
C10248,1874.716289,1,301.1,83,218.1,0,0.583333,0.166667,0.333333,0,0,10,1950,586.974046,1089.040271,0,12
C10249,3215.511032,0.818182,1112.2,1112.2,0,7616.064965,0.25,0.25,0,0.25,4,4,7200,0,,0,12
C10250,237.235398,0.636364,2410.07,1670.5,739.57,0,0.5,0.083333,0.333333,0,0,15,4000,3773.727455,169.879335,1,12
C10251,1272.927288,1,5350.19,4783.34,566.85,0,1,1,0.916667,0,0,101,8000,5825.602115,318.305326,0.166667,12
C10252,558.476701,1,630.03,630.03,0,0,0.090909,0.090909,0,0,0,1,5500,426.092563,213.369694,0,11
C10253,2814.207626,1,3197.24,2080.02,1117.22,0,1,0.666667,1,0,0,49,3000,3574.480603,1328.897516,0,12
C10254,8.061012,0.363636,133,0,133,0,0.25,0,0.166667,0,0,3,3000,130.61272,41.436595,0.181818,12
C10255,435.862142,1,1646.16,1023.42,622.74,0,1,0.583333,0.75,0,0,33,12000,1055.835407,236.619362,0,12
C10256,6.390383,1,79.66,0,79.66,0,1,0,1,0,0,12,1500,75.896288,75.967742,0,12
C10257,9612.21512,1,319.92,0,319.92,13439.5704,1,0,1,0.416667,12,12,12000,10993.89211,2501.560923,0,12
C10258,7938.559134,1,3677.52,3543.73,133.79,0,1,1,0.5,0,0,98,12500,2657.856602,1912.298544,0,12
C10259,2344.478291,1,1041.63,1041.63,0,4003.968939,0.25,0.25,0,0.333333,6,14,4000,3033.665478,716.70488,0,12
C10260,996.48222,1,675.96,0,675.96,0,1,0,1,0,0,12,1000,1851.602411,1382.292833,0.083333,12
C10261,19.508047,1,193.14,0,193.14,0,0.416667,0,0.416667,0,0,5,2000,220.46377,71.965063,0.25,12
C10262,185.640313,1,1703.23,1703.23,0,0,1,1,0,0,0,13,11500,1449.039414,183.298253,1,12
C10263,5335.302925,1,0,0,0,468.958688,0,0,0,0.166667,2,0,6000,1350.318606,1249.937085,0,12
C10265,22.189283,0.363636,234.16,0,234.16,0,0.363636,0,0.272727,0,0,4,1500,479.910499,149.977816,0.5,11
C10266,5.871769,0.818182,29.68,29.68,0,0,0.083333,0.083333,0,0,0,1,10000,76.943584,75.595199,0,12
C10267,1049.496471,1,1322.67,1096.71,225.96,774.260436,0.833333,0.75,0.416667,0.25,6,28,11000,802.38543,229.655091,0,12
C10269,5570.190127,1,1607.88,0,1607.88,0,1,0,1,0,0,84,13500,1583.411686,2216.638394,0,12
C10270,1668.591831,1,0,0,0,1716.941235,0,0,0,0.166667,5,0,1800,2166.981163,568.063083,0.083333,12
C10271,2224.590946,0.818182,3183,3183,0,0,0.166667,0.166667,0,0,0,2,9000,3823.346244,629.080506,0,12
C10272,2903.781184,1,3014.23,1340.34,1673.89,103.610197,1,0.833333,1,0.083333,1,93,4500,1350.370286,655.633916,0,12
C10273,2041.480046,1,7323.38,4944.88,2378.5,191.331735,1,0.833333,0.75,0.083333,1,81,3000,3792.095079,1737.893866,0.083333,12
C10274,7755.698607,1,8533.54,4072.76,4460.78,7540.30735,1,0.5,0.833333,0.5,12,72,10000,4758.209146,7256.951816,0,6
C10275,614.263149,0.727273,408.93,74.8,334.13,0,0.5,0.083333,0.5,0,0,10,9000,2161.153147,312.343947,0,12
C10276,8097.334733,1,3999.92,200,3799.92,0,1,0.083333,1,0,0,14,7500,5624.074339,9952.672511,0,12
C10277,1082.33027,1,2980.46,657.78,2322.68,0,1,0.5,1,0,0,50,6000,1116.967993,289.439818,0,12
C10278,2734.66412,1,560.73,560.73,0,0,0.916667,0.916667,0,0,0,11,7500,717.798364,670.049653,0,12
C10279,80.708806,1,569.9,569.9,0,0,0.166667,0.166667,0,0,0,3,9500,634.000055,92.012927,0.083333,12
C10280,2554.525229,1,6186.77,6099.08,87.69,1898.690655,0.916667,0.75,0.25,0.083333,1,38,10950,11198.92613,608.36886,0.083333,12
C10281,535.947221,1,4550.81,3016.98,1533.83,438.469118,1,0.916667,1,0.083333,1,99,8500,4317.191232,208.73456,0.916667,12
C10282,3905.365959,1,150.8,150.8,0,1659.19931,0.166667,0.166667,0,0.416667,5,2,7500,990.524408,989.783286,0,12
C10283,156.278339,1,1385.1,1005.1,380,0,1,0.5,0.75,0,0,21,14000,1280.473571,193.369942,0.833333,12
C10284,5131.319584,1,32539.78,26547.43,5992.35,0,1,1,1,0,0,98,11500,26652.34432,1971.129435,0.083333,12
C10285,5265.763713,1,410.24,44.71,365.53,15452.97758,0.916667,0.083333,0.916667,0.333333,13,21,16500,12005.3074,1055.547896,0.083333,12
C10286,2.564117,0.181818,47.95,47.95,0,0,0.083333,0.083333,0,0,0,1,1500,294.507498,86.245988,0,12
C10287,1873.084577,1,126.57,126.57,0,181.139378,0.25,0.25,0,0.083333,1,4,2100,483.557464,524.426392,0,12
C10288,32.124999,0.272727,380.89,380.89,0,0,0.083333,0.083333,0,0,0,1,5700,0,,0,12
C10289,1473.495809,1,414,0,414,0,0.75,0,0.666667,0,0,9,10500,5863.94034,570.250342,0.5,12
C10290,1504.82705,1,2010,630,1380,1189.292764,1,0.166667,1,0.083333,1,14,8500,859.829946,479.831475,0,12
C10291,7645.108427,1,4693.15,4332.65,360.5,0,0.5,0.416667,0.333333,0,0,12,13500,4786.64868,1741.158024,0,12
C10292,1129.33758,1,498.96,0,498.96,72.259355,1,0,1,0.083333,1,12,1000,829.505486,1623.389428,0,12
C10293,668.956687,1,224.2,148.12,76.08,0,0.583333,0.083333,0.416667,0,0,9,9500,568.336995,272.270427,0,12
C10294,2302.184366,1,2856.57,922.84,1933.73,0,1,0.25,1,0,0,62,2500,2914.419813,2173.680619,0,12
C10295,272.711518,0.818182,0,0,0,682.156051,0,0,0,0.083333,2,0,3000,2755.877257,144.621645,0.181818,12
C10296,4246.430225,1,0,0,0,9270.408108,0,0,0,0.666667,16,0,7000,6010.525656,1793.262654,0.083333,12
C10297,2420.761135,1,0,0,0,567.233798,0,0,0,0.083333,2,0,3000,871.713321,609.206784,0,12
C10298,2935.324966,1,409.63,351.87,57.76,1876.241162,0.583333,0.583333,0.083333,0.25,4,12,5000,580.13865,1114.588285,0,12
C10299,83.148283,0.636364,843.34,843.34,0,0,0.5,0.5,0,0,0,17,6500,1024.267592,122.850835,0.5,12
C10300,5469.851311,1,0,0,0,512.792701,0,0,0,0.166667,3,0,6000,1362.966798,2019.027883,0,12
C10301,280.142117,1,2236.49,758.52,1477.97,0,1,1,0.666667,0,0,34,10000,1986.838064,233.614975,1,12
C10302,5790.930626,1,464.51,399.41,65.1,2516.727082,0.416667,0.25,0.166667,0.166667,6,10,6000,1515.594331,2092.915898,0,12
C10303,3605.714046,1,1779,1779,0,0,0.166667,0.166667,0,0,0,2,5000,856.05828,761.012234,0,12
C10304,3992.261885,1,0,0,0,348.834361,0,0,0,0.583333,9,0,4000,1057.678259,1229.820066,0,12
C10305,41.833264,1,456.36,0,456.36,0,1,0,0.916667,0,0,14,6000,370.996177,163.287618,0.333333,12
C10306,635.090434,0.818182,5758.71,2252.37,3506.34,0,0.75,0.25,0.75,0,0,48,2900,7943.57021,197.416104,1,12
C10307,1521.1681,1,245.98,245.98,0,2792.67597,0.166667,0.166667,0,0.25,3,2,6000,2261.523522,388.258009,0,12
C10308,5547.092593,1,0,0,0,3298.958165,0,0,0,0.083333,2,0,12000,1786.142816,1351.998523,0,12
C10309,2503.107213,1,733.9,733.9,0,0,1,1,0,0,0,13,3000,1620.193277,857.535876,0,12
C10310,191.450711,1,1641.07,1641.07,0,380.972341,0.666667,0.666667,0,0.083333,1,15,500,1583.918811,137.046292,0.636364,12
C10311,3621.70204,1,674.73,674.73,0,1684.957411,0.25,0.25,0,0.166667,8,12,4000,1139.058595,1403.477006,0,12
C10312,2762.479434,1,2702.47,1526.31,1176.16,0,1,0.25,1,0,0,27,11000,7596.768364,1013.086448,0.083333,12
C10313,4338.606862,1,0,0,0,1817.569093,0,0,0,0.083333,4,0,8000,8019.800702,964.118618,0,12
C10314,388.873921,0.727273,1579.15,1462.35,116.8,0,0.583333,0.5,0.25,0,0,15,2700,451.600059,199.955286,0,12
C10315,9261.310686,1,0,0,0,8603.045938,0,0,0,0.416667,10,0,11000,1933.413908,2576.552758,0,12
C10316,208.131845,1,2161.38,451.5,1709.88,0,1,0.166667,1,0,0,41,4500,2059.879468,165.05215,1,12
C10317,169.088238,1,1482.19,446.07,1036.12,0,1,0.583333,0.666667,0,0,26,6000,1289.570234,173.686552,0.666667,12
C10318,133.911556,1,1446.05,544.45,901.6,0,1,0.083333,1,0,0,16,3500,1364.121036,186.240772,0.833333,12
C10319,1613.34907,0.909091,0,0,0,1606.322681,0,0,0,0.181818,3,0,4500,312.433361,648.139459,0,11
C10320,566.908563,1,397.06,303.7,93.36,0,0.666667,0.166667,0.583333,0,0,12,2100,0,,0,12
C10321,53.208422,1,498.17,459.02,39.15,0,0.916667,0.916667,0.083333,0,0,14,15000,611.606459,162.94308,0.909091,12
C10322,1329.967543,1,2009.12,1296.68,712.44,1763.794583,1,1,1,0.25,10,36,2500,2715.972095,956.330023,0,12
C10323,515.904786,1,5359.02,2399.78,2959.24,0,1,1,1,0,0,60,6000,0,,0,12
C10324,927.041961,1,0,0,0,402.974164,0,0,0,0.333333,5,0,1000,719.974244,339.553093,0,12
C10325,1872.767651,1,0,0,0,3394.509419,0,0,0,0.166667,3,0,5500,1151.721386,627.015802,0,12
C10326,185.396312,1,0,0,0,842.456926,0,0,0,0.363636,7,0,1000,117.542764,137.6915,0,11
C10327,4823.822993,0.857143,0,0,0,6481.300951,0,0,0,0.142857,4,0,7000,863.62306,1148.631716,0,7
C10328,994.105777,1,126.2,126.2,0,0,0.833333,0.833333,0,0,0,10,1950,314.302968,417.290247,0,12
C10329,40.089221,1,225,0,225,0,1,0,1,0,0,12,1500,325.578502,286.122587,0.166667,12
C10330,0.478714,0.090909,734.97,159,575.97,0,0.833333,0.083333,0.75,0,0,16,6000,1159.135064,,0,12
C10331,4732.37354,1,14.95,0,14.95,2173.356068,0.083333,0,0.083333,0.416667,11,1,5700,1289.284068,1172.289863,0,12
C10332,9206.811696,1,874.98,350,524.98,4653.693195,0.75,0.083333,0.666667,0.333333,9,16,12500,2055.100879,2199.077716,0,12
C10333,6719.376505,1,0,0,0,2443.262416,0,0,0,0.333333,7,0,7500,1493.089193,2488.976669,0,12
C10334,2233.074041,1,445.2,445.2,0,0,0.166667,0.166667,0,0,0,4,8000,1042.991769,579.587654,0,12
C10335,1867.649838,1,0,0,0,3264.573342,0,0,0,0.666667,9,0,4500,476.162309,401.970276,0,12
C10336,57.842746,1,689.34,0,689.34,0,1,0,1,0,0,24,1500,453.842413,148.28357,0.333333,12
C10337,4194.033835,0.727273,2006.87,420.6,1586.27,0,0.666667,0.083333,0.666667,0,0,26,21000,19714.09728,1479.309409,0.1,12
C10338,2459.862339,1,678,678,0,927.25167,1,1,0,0.25,4,12,2500,1926.31853,1933.173023,0,12
C10339,850.630114,1,0.05,0.05,0,1700.634586,0.083333,0.083333,0,0.333333,7,1,1000,1084.281127,367.409536,0,12
C10340,353.198215,1,3085.69,3032.97,52.72,0,1,1,0.083333,0,0,21,8500,2690.525687,192.66679,1,12
C10341,2669.160638,1,0,0,0,142.141325,0,0,0,0.166667,2,0,3000,642.777061,1122.076137,0,12
C10342,92.440743,0.909091,1080,1080,0,0,0.75,0.75,0,0,0,12,6000,1077.058667,169.005281,1,12
C10343,706.675991,1,2721.16,2417.41,303.75,0,1,0.5,1,0,0,32,6500,4952.900653,280.821958,0.083333,12
C10344,361.319366,1,3095.96,1383.56,1712.4,0,1,0.916667,0.833333,0,0,32,14000,4003.782858,197.186568,0.583333,12
C10345,2324.086254,0.909091,0,0,0,1600.758078,0,0,0,0.909091,13,0,2300,2147.890523,2077.873573,0,11
C10346,2922.487907,1,71.07,0,71.07,3595.158425,0.25,0,0.166667,0.166667,9,3,9500,9226.751112,797.250949,0,12
C10347,98.364739,0.181818,65,0,65,0,0.166667,0,0.166667,0,0,2,1200,718.794328,53.655347,0,12
C10348,498.208616,1,4786.61,4397.64,388.97,0,0.916667,0.833333,0.5,0,0,61,9000,3805.669705,163.459999,1,12
C10349,16.93339,0.454545,174.42,0,174.42,0,0.333333,0,0.25,0,0,5,2500,347.08638,149.301101,0.75,12
C10350,3355.631092,1,242.88,0,242.88,0,1,0,1,0,0,12,13500,6084.115091,890.639118,0.090909,12
C10351,907.982017,1,216.94,216.94,0,1011.997944,0.166667,0.166667,0,0.166667,5,3,3200,222.02316,300.210049,0,12
C10352,1132.386178,0.454545,2246.3,2246.3,0,14048.07181,0.333333,0.333333,0,0.416667,20,8,6000,32048.6122,406.790252,0.8,12
C10353,1254.6691,1,361.73,361.73,0,198.686744,0.166667,0.166667,0,0.083333,1,2,1500,535.606816,432.68808,0,12
C10354,80.336636,0.6,330,330,0,0,0.1,0.1,0,0,0,1,1800,345.330572,85.297166,0,10
C10355,260.838885,1,2854.11,1797.96,1056.15,0,1,0.833333,0.916667,0,0,51,9500,2437.332725,176.283228,1,12
C10356,17.356961,0.454545,390,90,300,0,0.5,0.083333,0.5,0,0,7,2000,302.454171,74.667401,0,12
C10357,1897.672025,1,422.18,422.18,0,0,1,1,0,0,0,12,5500,2961.632199,440.30634,0,12
C10358,1032.241153,1,1005.52,464.5,541.02,0,1,0.5,0.833333,0,0,33,3000,1866.265366,237.328382,0,12
C10359,3536.601227,1,2132.93,959.1,1173.83,5340.016172,1,0.333333,1,0.75,20,74,11000,8251.146946,834.025674,0,12
C10360,21.580264,0.909091,284.72,0,284.72,0,0.666667,0,0.666667,0,0,16,5000,344.161416,155.792859,0.8,12
C10361,4211.539631,1,0,0,0,455.581546,0,0,0,0.083333,1,0,10500,1288.287239,1164.178674,0,12
C10362,1732.715258,1,3244.16,2480.85,763.31,0,1,0.666667,0.5,0,0,29,11500,5674.185857,563.827502,0,12
C10364,8939.461145,1,2490.17,905.17,1585,5309.949725,0.5,0.166667,0.416667,0.5,11,8,9500,3957.017497,4951.58548,0,12
C10365,36.567901,0.090909,1098.31,1098.31,0,0,0.083333,0.083333,0,0,0,1,4800,0,,0,12
C10366,41.754778,0.181818,636.15,636.15,0,0,0.166667,0.166667,0,0,0,5,8500,918.414211,57.150516,0.181818,12
C10367,1937.246177,1,3018.93,1702.62,1316.31,0,1,1,1,0,0,99,5000,3909.837604,444.12429,0.166667,12
C10368,99.955082,1,1222.97,202.97,1020,0,1,0.25,1,0,0,16,19500,1142.077891,185.657751,1,12
C10369,5135.604593,1,110.18,0,110.18,6551.99521,0.333333,0,0.333333,0.333333,17,4,6000,1716.998424,2463.472147,0,12
C10370,214.896542,0.636364,0,0,0,1192.015721,0,0,0,0.083333,1,0,3000,2298.902197,214.263752,0.2,12
C10371,1543.287931,1,0,0,0,36.481832,0,0,0,0.083333,1,0,1800,548.589391,529.340488,0,12
C10372,601.92037,1,983.77,603.77,380,0,0.666667,0.416667,0.25,0,0,15,2400,389.411161,219.465695,0,12
C10373,1261.05733,1,0,0,0,474.429843,0,0,0,0.25,3,0,1500,866.865018,354.381003,0,12
C10374,85.285023,0.75,423.24,287,136.24,0,0.625,0.375,0.375,0,0,9,11000,296.01675,134.448872,0,8
C10375,1903.688611,1,6079.5,4719.5,1360,10227.22894,0.916667,0.25,0.666667,0.25,22,31,7300,18552.39489,762.263884,0.416667,12
C10376,813.068705,1,439.38,439.38,0,727.658311,0.083333,0.083333,0,0.25,8,2,1200,237.996469,265.708814,0,12
C10377,1279.325142,1,1207.25,0,1207.25,0,1,0,1,0,0,59,1200,1282.705869,1300.596775,0,12
C10378,237.669312,1,259.13,259.13,0,0,0.083333,0.083333,0,0,0,1,2300,2680.635587,2503.374595,0.25,12
C10379,5747.761139,1,1627.69,0,1627.69,0,1,0,1,0,0,49,5500,2507.704747,7490.453967,0,12
C10380,7760.940543,1,0,0,0,3423.085934,0,0,0,0.5,10,0,8000,2845.010795,2459.741299,0,12
C10381,6388.108487,1,0,0,0,3768.696678,0,0,0,0.25,3,0,8000,10973.14532,2384.817152,0.083333,12
C10382,426.372628,1,5749.96,5439.96,310,0,1,1,0.25,0,0,50,12000,5711.540654,202.73209,0.833333,12
C10383,8806.866629,1,1490.94,0.02,1490.92,2813.063846,1,0.166667,1,0.166667,4,25,9000,2116.662516,3598.719728,0,12
C10384,282.934373,0.181818,0,0,0,2333.150712,0,0,0,0.083333,1,0,3000,0,,0,12
C10385,1128.229387,1,5068.88,3529.88,1539,0,1,1,1,0,0,76,4500,3904.568067,373.931063,0.083333,12
C10386,2045.541408,1,1067.28,0,1067.28,0,1,0,1,0,0,30,2000,2021.775795,3073.416298,0,12
C10387,8.520292,0.545455,64.12,64.12,0,0,0.166667,0.166667,0,0,0,2,7000,176.600545,76.462301,0,12
C10388,11278.95243,1,6855.59,2762.92,4092.67,0,0.916667,0.75,0.833333,0,0,39,18500,4868.088671,2861.890896,0,12
C10389,143.443832,0.636364,1631,0,1631,0,0.583333,0,0.583333,0,0,7,2500,2550.799492,157.269321,1,12
C10390,241.223955,0.909091,180.91,180.91,0,0,0.166667,0.166667,0,0,0,6,1400,802.858576,220.455533,0,12
C10391,1528.571561,1,0,0,0,172.931118,0,0,0,0.166667,2,0,1600,353.582373,559.030296,0,12
C10392,12474.72954,1,136.88,0,136.88,515.147607,0.166667,0,0.166667,0.166667,2,2,14000,3519.008859,3430.627754,0,12
C10393,566.147105,1,0,0,0,187.572355,0,0,0,0.083333,1,0,2000,1177.661577,190.365154,0,12
C10395,1077.606225,0.727273,343.21,343.21,0,1609.900552,0.25,0.25,0,0.333333,8,4,1500,930.328071,3245.693485,0,12
C10396,1.838084,0.272727,16.5,16.5,0,0,0.083333,0.083333,0,0,0,1,6000,57.595083,67.1925,0,12
C10397,507.144348,1,5708.18,4584.78,1123.4,0,1,0.75,0.75,0,0,47,4000,5589.952268,232.131169,1,12
C10398,816.82453,0.3,42.3,42.3,0,3967.709973,0.1,0.1,0,0.2,5,1,6000,361.853722,645.320421,0,10
C10399,1526.506915,1,46.67,46.67,0,0,0.083333,0.083333,0,0,0,1,1800,338.413344,642.547142,0,12
C10400,7957.017218,1,0,0,0,4909.937494,0,0,0,0.25,4,0,9000,677.144841,27631.45072,0,12
C10402,79.189929,1,699.12,0,699.12,0,1,0,1,0,0,24,2500,697.977603,183.858351,0.583333,12
C10403,497.908027,1,245.39,0,245.39,0,0.583333,0,0.5,0,0,7,4000,328.796655,165.308304,0,12
C10404,681.95925,1,98,98,0,0,0.166667,0.166667,0,0,0,2,4000,192.369983,221.375942,0,12
C10405,1535.248256,1,857.36,857.36,0,0,1,1,0,0,0,13,6550,3239.629759,411.871046,0.083333,12
C10406,1508.513765,0.818182,2747.12,1247.12,1500,246.046033,0.25,0.083333,0.166667,0.083333,1,4,5000,4730.374245,481.558276,0.1,12
C10407,11209.37076,1,11147.33,1137.4,10009.93,2728.576925,1,0.25,1,0.166667,8,126,11000,7932.77402,17494.90735,0,12
C10408,201.3504,1,600,0,600,0,0.5,0,0.416667,0,0,6,1000,249.066308,184.776562,0,12
C10409,2502.264409,1,0,0,0,2368.872642,0,0,0,0.083333,2,0,10000,541.308981,724.956358,0,12
C10410,4543.789386,1,255.12,5,250.12,0,0.666667,0.25,0.5,0,0,11,8500,1703.332126,1121.510137,0,12
C10411,918.342234,1,1221.53,1180,41.53,1078.788118,0.333333,0.166667,0.166667,0.166667,7,2,1200,1421.035206,106.039362,0.25,6
C10412,5066.744231,1,0,0,0,1974.503664,0,0,0,0.25,6,0,13000,1336.016317,1606.963379,0,12
C10413,2259.431829,1,780.64,199.65,580.99,1227.555485,1,0.166667,0.833333,0.333333,6,22,3500,663.553502,483.836254,0,12
C10414,437.789873,1,1532.1,223,1309.1,0,0.75,0.166667,0.666667,0,0,14,5000,1834.368953,212.770698,0,12
C10415,2025.162877,1,778.33,0,778.33,0,0.916667,0,0.916667,0,0,28,2000,1411.329676,1430.50774,0,12
C10416,3770.560441,0.875,964.06,260,704.06,5140.287889,0.875,0.125,0.75,0.625,24,8,6000,565.71913,1241.283569,0,8
C10417,140.730723,1,1667.13,1063.14,603.99,0,1,0.916667,0.833333,0,0,38,13000,1669.260634,208.701639,0.25,12
C10419,5523.999416,1,0,0,0,4087.167822,0,0,0,0.25,4,0,8000,0,,0,12
C10420,3298.692478,1,1088.83,518.39,570.44,0,0.416667,0.083333,0.333333,0,0,6,9000,6862.520735,994.384835,0,12
C10421,150.699542,0.363636,648.64,330,318.64,0,0.333333,0.083333,0.25,0,0,5,2500,0,,0,12
C10422,1874.843394,1,0,0,0,120.178123,0,0,0,0.083333,1,0,2100,444.783009,671.420908,0,12
C10423,3024.629054,1,0,0,0,2171.139178,0,0,0,0.333333,10,0,4500,4226.578611,691.692633,0,12
C10424,154.641707,0.363636,1897.92,97.92,1800,0,0.25,0.166667,0.166667,0,0,5,13500,5563.437084,248.700571,1,12
C10425,1322.057239,1,0,0,0,76.260896,0,0,0,0.090909,1,0,6200,802.038512,291.307669,0,11
C10426,62.287137,1,1263.29,279.99,983.3,0,1,1,0.583333,0,0,25,9500,1356.425369,179.894243,0.4,12
C10427,16.581535,0.125,200,0,200,0,0.125,0,0.125,0,0,2,1200,0,,0,8
C10428,4664.023286,1,340,340,0,3510.115735,0.083333,0.083333,0,0.25,8,1,6000,2162.141639,2009.821743,0,12
C10429,318.03434,1,1277.58,0,1277.58,0,1,0,1,0,0,20,7000,552.734714,173.336309,0,12
C10430,681.615445,1,4117.24,290,3827.24,0,1,0.166667,1,0,0,229,6000,4561.589382,199.730537,0,12
C10431,9335.31417,1,226.23,226.23,0,0,0.166667,0.166667,0,0,0,5,15000,1885.239981,4980.192685,0,12
C10432,6404.955912,1,3970.8,2267,1703.8,0,1,0.583333,0.916667,0,0,64,7500,3879.252512,1868.983718,0,12
C10433,133.405494,0.545455,1346.9,1028,318.9,0,0.583333,0.083333,0.416667,0,0,14,8000,1369.437449,98.678839,0.333333,12
C10434,1403.597712,1,1050.83,67.9,982.93,4083.515108,1,0.083333,1,0.25,4,24,5000,4673.520993,982.544984,0,12
C10435,469.878834,1,1364.99,64.99,1300,284.754535,0.5,0.083333,0.416667,0.166667,2,7,2000,1849.10398,263.163209,0.2,12
C10436,1452.437463,1,0,0,0,114.918715,0,0,0,0.25,3,0,1500,331.670616,479.771774,0,12
C10437,3737.175713,1,0,0,0,3017.170336,0,0,0,0.166667,4,0,4500,0,,0,12
C10438,6032.740391,1,7553.48,2643.53,4909.95,0,0.916667,0.75,1,0,0,85,13500,5377.338091,1365.123434,0,12
C10439,1692.755487,0.909091,570.16,0,570.16,2817.05225,0.833333,0,0.833333,0.333333,7,20,9000,6124.31525,362.970189,0,12
C10441,3534.253718,1,566.28,431.01,135.27,3888.756412,0.5,0.333333,0.333333,0.083333,2,17,4000,1298.823687,858.977427,0,12
C10442,654.574445,1,0,0,0,2819.60583,0,0,0,0.083333,3,0,8000,422.878799,269.178995,0,12
C10443,1648.721384,1,0,0,0,39.646806,0,0,0,0.090909,2,0,1800,357.836436,631.106468,0,11
C10444,6822.877573,1,137.34,137.34,0,4815.112874,0.083333,0.083333,0,0.666667,16,1,10000,1874.954894,1716.092764,0,12
C10445,8647.057641,1,0,0,0,5105.254316,0,0,0,0.416667,14,0,10000,2052.533488,1886.223361,0,12
C10446,5055.582822,1,0,0,0,3435.737817,0,0,0,0.090909,1,0,9000,6918.272206,1035.039239,0,11
C10447,4245.550244,1,332.82,0,332.82,6649.712062,1,0,1,0.666667,24,25,5000,5810.994681,1284.011712,0,12
C10448,541.915572,0.636364,1377.72,1377.72,0,0,0.25,0.25,0,0,0,5,2500,182.177646,200.759856,0,12
C10449,4855.340797,1,0,0,0,1886.470361,0,0,0,0.083333,2,0,6000,2996.735376,1855.766226,0,12
C10450,981.643409,0.818182,0,0,0,1462.32354,0,0,0,0.083333,2,0,1500,2008.971745,277.582819,0.125,12
C10451,7057.658848,1,360.7,360.7,0,6517.541812,0.083333,0.083333,0,0.333333,15,2,8000,5147.693822,2610.053885,0,12
C10452,4264.307261,1,222.64,0,222.64,249.298208,0.916667,0,0.833333,0.25,3,11,4500,1017.241855,1225.908506,0,12
C10453,4503.390811,1,1634.74,1376,258.74,94.837161,1,0.333333,1,0.083333,1,38,13000,1094.345336,1194.234398,0,12
C10454,969.294446,1,0,0,0,340.249539,0,0,0,0.083333,1,0,1200,591.853821,204.676682,0,12
C10455,4479.115547,1,759.15,759.15,0,2493.111705,1,1,0,0.25,6,12,6000,994.500495,1384.111493,0,12
C10456,37.753941,0.363636,243.36,243.36,0,0,0.083333,0.083333,0,0,0,2,1800,546.417272,134.985783,0.25,12
C10457,7386.704481,0.9,0,0,0,10713.8746,0,0,0,0.4,14,0,10500,7566.577763,1943.431564,0.1,10
C10458,1265.805627,0.818182,0,0,0,2820.528417,0,0,0,0.25,3,0,2500,1370.235544,373.893161,0,12
C10459,598.78776,1,519,0,519,0,0.818182,0,0.636364,0,0,9,4500,621.255763,210.248259,0,11
C10460,3143.928913,1,3055.87,3055.87,0,0,0.75,0.75,0,0,0,26,4500,2198.293667,784.387878,0,12
C10461,5580.530306,1,2470.4,457.73,2012.67,1652.878895,0.5,0.083333,0.5,0.083333,1,19,9500,3340.041274,3024.949485,0,12
C10462,576.635957,1,1671.6,480,1191.6,0,1,0.333333,1,0,0,48,1800,1021.907217,179.585842,0,12
C10463,51.818382,0.454545,903.36,903.36,0,0,0.25,0.25,0,0,0,6,15000,538.841222,41.302445,0,12
C10466,1036.595935,1,0,0,0,193.738137,0,0,0,0.083333,1,0,1200,274.653536,327.072615,0,12
C10467,21.12921,0.545455,229.5,54,175.5,0,0.5,0.083333,0.416667,0,0,7,3150,423.206638,157.471831,0.714286,12
C10468,1534.969344,1,1476.19,1476.19,0,0,1,1,0,0,0,23,2500,1493.919986,382.989143,0,12
C10469,4994.04832,1,2506.89,2506.89,0,0,0.75,0.75,0,0,0,30,8500,1230.219396,1646.973276,0,12
C10470,4700.106602,1,2570,492.46,2077.54,124.563782,0.75,0.166667,0.666667,0.166667,2,40,4500,3259.958288,5620.295192,0,12
C10471,9601.071318,1,238.34,0,238.34,4809.11955,0.833333,0,0.833333,1,8,5,15000,1194.510762,1206.257247,0,6
C10472,1207.888199,0.875,1342.36,1037.96,304.4,1738.109478,0.875,0.875,0.5,0.25,2,27,4000,288.883026,312.026316,0,8
C10473,87.442862,0.818182,786.32,186.32,600,0,0.636364,0.090909,0.545455,0,0,7,7500,881.284581,97.186371,0.666667,11
C10474,123.394089,0.909091,1450.68,0,1450.68,0,1,0,1,0,0,20,6000,1583.421932,137.826186,0.454545,12
C10475,395.052994,1,1239.46,752.28,487.18,0,0.666667,0.416667,0.416667,0,0,14,1500,401.217047,177.766827,0,12
C10476,1715.459275,1,96.75,34.65,62.1,19.141227,0.333333,0.083333,0.25,0.083333,1,7,1800,452.225512,411.612521,0,12
C10477,1492.039988,1,4106.15,2688.46,1417.69,734.816479,0.333333,0.25,0.416667,0.083333,1,50,12000,9678.173119,606.899183,0.5,12
C10478,636.669685,1,2022.38,1892.38,130,0,0.916667,0.916667,0.333333,0,0,19,6000,939.306791,301.000749,0,12
C10480,223.772475,1,3654.08,291.41,3362.67,0,1,0.166667,1,0,0,32,2500,3301.334578,180.338402,0.333333,12
C10481,1122.603377,1,883.73,457.62,426.11,0,0.833333,0.333333,0.75,0,0,26,3000,632.062443,568.410749,0,12
C10482,805.131074,1,795.54,167.4,628.14,418.482499,1,0.166667,1,0.083333,1,20,1700,1804.065076,261.258072,0,12
C10483,869.001444,1,0,0,0,278.591282,0,0,0,0.083333,1,0,1200,541.101815,286.374289,0,12
C10484,4458.055159,1,0,0,0,2806.959645,0,0,0,0.583333,18,0,7500,1088.755323,1189.693931,0,12
C10485,2070.069187,1,1382.57,1077.75,304.82,0,1,0.666667,0.833333,0,0,33,2400,1580.0815,466.772558,0,12
C10486,52.229659,1,565.5,0,565.5,101.137379,1,0,1,0.083333,1,14,8500,2768.795805,199.803721,0.25,12
C10487,6426.639738,1,4462.86,2816.46,1646.4,4599.625146,1,0.833333,0.916667,0.333333,11,103,11800,1793.043228,3101.01703,0,12
C10488,206.596865,0.363636,1726.67,1726.67,0,0,0.166667,0.166667,0,0,0,4,6000,4804.383296,128.834658,0,12
C10489,5810.748774,1,217,217,0,12377.36037,0.166667,0.166667,0,0.583333,16,2,9000,10428.37611,1599.353926,0.166667,12
C10490,3872.605467,1,0,0,0,1483.933054,0,0,0,0.416667,8,0,4000,1067.405461,911.08543,0,12
C10491,2597.400267,1,1748.73,518.44,1230.29,0,1,0.416667,1,0,0,31,6500,2497.488126,1584.520204,0,12
C10492,1481.43247,1,0,0,0,149.36039,0,0,0,0.083333,1,0,1800,586.426259,494.954634,0,12
C10493,1135.53683,1,50.98,0,50.98,0,0.333333,0,0.333333,0,0,4,1200,320.592941,385.347014,0,12
C10494,3430.981532,1,378.04,0,378.04,0,0.166667,0,0.166667,0,0,4,11300,4315.936534,4483.503862,0,12
C10495,4102.599015,1,1483.12,1085.19,397.93,1992.715742,0.833333,0.25,0.583333,0.166667,3,30,5000,1357.36111,1919.690041,0,12
C10497,150.952465,0.727273,6407.67,3725.33,2682.34,0,1,0.666667,1,0,0,44,14500,3484.429075,108.937025,0.3,12
C10498,3170.537693,0.909091,0,0,0,1161.103112,0,0,0,0.181818,2,0,3500,547.23924,1111.251287,0,11
C10501,911.281862,1,70,70,0,0,0.083333,0.083333,0,0,0,1,8500,566.292758,218.497636,0,12
C10502,45.753138,0.545455,449.96,0,449.96,0,0.5,0,0.5,0,0,8,7000,1023.209164,127.78905,0.6,12
C10503,456.648662,1,3355.33,2305.33,1050,0,0.916667,0.583333,0.833333,0,0,27,6500,2087.871747,207.584121,0.363636,12
C10504,198.035504,0.545455,0,0,0,14371.78789,0,0,0,0.25,3,0,10000,14481.46544,19.492021,0,12
C10505,473.840442,0.727273,0,0,0,818.124484,0,0,0,0.333333,12,0,3000,142.286073,164.391437,0,12
C10506,285.813075,1,3220.09,2941.39,278.7,0,1,1,0.416667,0,0,24,15000,826.764555,212.075152,1,12
C10507,204.329381,1,6558.55,6558.55,0,0,1,1,0,0,0,74,7000,5872.707939,169.703195,0.916667,12
C10508,3690.177649,1,0,0,0,1328.643945,0,0,0,0.5,11,0,4000,1006.358943,1819.542692,0,12
C10509,327.445978,1,4305.05,2905.71,1399.34,0,1,0.916667,0.916667,0,0,38,9500,4030.061017,197.534405,0.666667,12
C10510,6856.045926,1,262.1,262.1,0,3053.777459,0.166667,0.166667,0,0.333333,13,5,13000,1629.239381,1998.044046,0,12
C10511,155.644239,0.727273,1626.83,828.85,797.98,0,0.75,0.75,0.166667,0,0,17,13000,1924.101393,123.522314,0.571429,12
C10512,4263.008734,1,3522.57,1482,2040.57,2485.845274,1,0.333333,1,0.25,6,25,6000,1165.621928,1520.54755,0,12
C10513,10249.71178,1,0,0,0,2438.356719,0,0,0,0.333333,9,0,18000,2662.365409,2539.198217,0,12
C10514,813.185305,1,8194.05,7280.27,913.78,0,1,1,1,0,0,121,6000,7069.804042,216.277252,0.583333,12
C10515,911.893997,1,1604.8,1527.3,77.5,1302.014616,0.25,0.25,0.083333,0.083333,2,11,4500,191.366024,307.812023,0.083333,12
C10516,3563.23692,1,709.9,609.9,100,779.264494,1,1,0.083333,0.166667,2,16,7000,826.576112,817.39586,0,12
C10517,12478.17286,1,174,174,0,3269.418821,0.25,0.25,0,0.666667,21,3,14000,3251.190662,3872.099498,0,12
C10518,2061.27937,1,0,0,0,554.11523,0,0,0,0.25,3,0,4500,552.713988,585.776445,0,12
C10519,1556.376158,1,0,0,0,655.037683,0,0,0,0.583333,16,0,1700,1076.722225,1206.741644,0,12
C10520,126.207012,0.636364,913,0,913,0,0.416667,0,0.333333,0,0,5,7500,1718.487894,140.181283,1,12
C10521,2516.753364,1,606.62,598.95,7.67,0,0.833333,0.833333,0.083333,0,0,14,2750,1043.617154,1342.522124,0,12
C10522,1199.942209,1,1447.01,306.31,1140.7,49.912813,0.916667,0.166667,0.916667,0.083333,1,19,2400,642.723723,457.255269,0,12
C10523,13479.28821,1,41050.4,40624.06,426.34,0,0.833333,0.666667,0.416667,0,0,157,17000,36066.75068,15914.48462,0.083333,12
C10524,80.062693,1,727.27,727.27,0,0,0.583333,0.583333,0,0,0,11,20000,822.928249,206.656437,0.916667,12
C10525,839.897907,1,1869.88,815.11,1054.77,0,1,0.363636,0.909091,0,0,30,4000,999.235386,280.393252,0,11
C10526,128.175207,0.818182,182.94,0,182.94,0,0.833333,0,0.833333,0,0,10,5000,1391.649702,186.774371,0.3,12
C10527,47.6368,0.727273,379.28,0,379.28,0,0.583333,0,0.583333,0,0,7,2500,641.943628,156.644197,1,12
C10528,1529.206464,1,874.94,0,874.94,0,0.833333,0,0.75,0,0,18,1500,716.241063,1502.744095,0,12
C10529,2643.343414,1,26402.39,22257.39,4145,0,1,1,0.333333,0,0,114,16500,24529.27662,534.032339,1,12
C10530,2924.757622,1,0,0,0,281.044645,0,0,0,0.166667,3,0,3000,677.649435,1187.962476,0,12
C10532,5036.870531,1,1752.15,1564.16,187.99,1072.351863,1,0.916667,0.583333,0.25,4,53,10300,1489.597574,1549.64691,0,12
C10533,32.042424,0.909091,400.41,0,489.39,0,0.833333,0,0.75,0,0,11,4500,353.570259,132.13182,0.666667,12
C10534,2549.128288,1,13771.63,4503.31,9268.32,0,1,0.5,1,0,0,83,14500,16826.42443,451.636081,0.25,12
C10535,3718.606699,1,1172.68,1172.68,0,10372.8492,0.083333,0.083333,0,0.5,10,7,9500,4820.842925,760.028047,0,12
C10536,4914.325665,1,1653.6,353.6,1300,1442.395734,0.75,0.25,0.583333,0.166667,3,14,5000,3410.253378,3451.70216,0,12
C10537,1191.584153,1,4238.79,2220.39,2018.4,0,1,0.5,1,0,0,33,10500,3528.728592,287.515344,0.083333,12
C10538,98.420888,1,907.37,907.37,0,0,1,1,0,0,0,12,10000,908.907467,184.723457,1,12
C10539,1534.891604,1,0,0,0,2614.626296,0,0,0,0.25,8,0,3000,304.984801,427.594038,0,12
C10540,675.117139,0.181818,0,0,0,6523.780195,0,0,0,0.083333,1,0,12500,0,,0,12
C10542,43.42718,1,569.34,0,569.34,0,1,0,1,0,0,19,16500,758.421856,163.044353,1,12
C10543,1874.601636,1,305.78,0,305.78,0,0.583333,0,0.583333,0,0,14,1500,518.757481,19977.00572,0,12
C10544,15258.2259,1,529.3,529.3,0,4100.891579,0.5,0.5,0,1,23,10,19000,2051.14647,3905.740148,0,8
C10545,4497.213951,1,2001.19,210.43,1790.76,0,1,0.083333,1,0,0,30,4500,3058.768463,5067.863223,0,12
C10546,986.149218,0.454545,0,0,0,2955.030338,0,0,0,0.166667,6,0,3000,832.894753,706.541302,0,12
C10547,257.997181,1,1020.47,185,835.47,0,0.916667,0.083333,0.916667,0,0,27,6500,1099.15757,163.155119,0,12
C10548,4507.733288,1,4754.32,3636.53,1117.79,0,1,0.833333,0.75,0,0,43,9500,1924.73689,957.077692,0,12
C10549,1117.635883,1,0,0,0,97.200877,0,0,0,0.25,3,0,1200,308.089987,361.250401,0,12
C10550,5083.397311,1,331.95,331.95,0,10384.82416,0.2,0.2,0,0.8,31,2,8000,4453.691497,1088.959964,0,10
C10551,3649.559565,0.818182,1490,1490,0,8824.695802,0.083333,0.083333,0,0.166667,2,1,12500,573.307364,747.486806,0,12
C10552,77.45581,1,558.28,270.52,287.76,0,0.916667,0.25,0.833333,0,0,14,8000,601.746596,149.982513,0.333333,12
C10553,1362.418281,1,1477.44,900,577.44,451.968387,1,0.111111,0.888889,0.111111,1,10,1500,559.095981,1058.84479,0,9
C10554,189.12074,0.909091,1051.1,0,1051.1,0,0.833333,0,0.833333,0,0,13,3000,1301.155857,168.227161,0.375,12
C10555,2374.663583,1,2242.26,1222.96,1019.3,228.465161,1,0.416667,1,0.083333,2,42,2850,2073.374513,874.422722,0,12
C10556,1112.070216,1,179.24,59,120.24,0,0.416667,0.083333,0.333333,0,0,7,4000,217.546584,368.652894,0,12
C10557,2569.379868,1,972.65,162.95,809.7,1390.367155,0.583333,0.166667,0.5,0.166667,5,15,5500,807.047622,590.361005,0,12
C10558,2883.906333,1,4620.34,4300.42,319.92,0,1,0.583333,1,0,0,21,7500,6476.333335,1090.368608,0.083333,12
C10559,71.046063,0.181818,1023.8,1023.8,0,0,0.083333,0.083333,0,0,0,2,20000,5872.895164,116.063003,0,12
C10560,3366.051663,1,6344.3,4438.8,1905.5,0,1,0.833333,0.666667,0,0,54,12000,2890.901993,694.340138,0.083333,12
C10561,7190.047748,1,1549.61,1549.61,0,3269.100834,0.666667,0.666667,0,0.75,11,19,17500,1727.425472,1770.058766,0,12
C10562,68.039722,0.454545,734.11,734.11,0,0,0.333333,0.333333,0,0,0,6,5000,1537.307484,102.554198,0.5,12
C10563,5066.461251,1,2274.21,1282.85,991.36,2854.551358,1,0.666667,1,0.75,23,60,5000,5174.255034,6174.387335,0,12
C10564,2454.610005,1,1635.69,0,1635.69,486.813976,1,0,1,0.083333,1,33,3000,1442.488419,1113.097672,0,12
C10565,64.329876,0.272727,627.03,482.03,145,0,0.25,0.166667,0.166667,0,0,8,6000,1513.704151,112.874987,1,12
C10566,1284.63314,1,55.5,0,55.5,5406.459348,0.083333,0,0.083333,0.833333,123,1,3000,3432.757202,421.385587,0,12
C10567,76.93561,0.833333,277,277,0,0,0.333333,0.333333,0,0,0,2,8500,814.605178,109.433095,0.333333,6
C10568,950.563525,0.909091,7479.95,7479.95,0,0,0.818182,0.818182,0,0,0,14,15000,7521.226078,319.437528,0.888889,11
C10569,5178.179489,1,3937.59,2606.42,1331.17,0,1,0.75,0.833333,0,0,54,9500,1248.498168,1143.849403,0,12
C10570,531.455619,1,6300.4,6300.4,0,0,0.833333,0.833333,0,0,0,21,16500,4924.941312,182.288774,1,12
C10571,263.6992,1,1856.64,0,1856.64,0,1,0,1,0,0,12,1800,1591.559543,1991.577214,0,12
C10572,492.070146,0.8,4924.41,4924.41,0,0,0.8,0.8,0,0,0,48,10500,3430.597877,149.408227,1,10
C10573,1034.660626,0.833333,1308.11,1308.11,0,234.602843,0.5,0.5,0,0.166667,1,8,1500,236.764555,207.007715,0,6
C10574,11547.52001,1,49039.57,40761.25,8278.32,558.166886,1,1,0.916667,0.083333,1,101,22500,46930.59824,2974.069421,0.25,12
C10575,8997.488544,1,4604.72,4020.33,584.39,1854.533843,0.916667,0.666667,0.75,0.166667,8,46,9000,4201.889848,7060.930982,0,12
C10576,9149.4096,1,227.8,227.8,0,5583.937965,0.333333,0.333333,0,0.666667,13,4,9500,6710.905443,6510.915661,0,12
C10577,1296.922119,1,2327.49,2327.49,0,1873.271885,0.666667,0.666667,0,0.25,6,18,6000,2322.412643,360.670758,0,12
C10578,1758.979585,0.818182,1199,1199,0,8552.910316,0.090909,0.090909,0,0.636364,17,1,6750,11634.38713,422.041626,0.111111,11
C10579,194.493602,1,1174.76,0,1174.76,0,1,0,1,0,0,41,4500,1280.294998,203.755356,0,12
C10580,3294.37955,1,0,0,0,2546.891416,0,0,0,0.083333,3,0,4000,1084.059239,1228.291582,0,12
C10581,5404.202992,1,469,286,183,8005.22508,0.666667,0.166667,0.333333,0.833333,52,4,7000,2676.467444,1468.475204,0,6
C10582,5484.800476,1,0,0,0,1239.217984,0,0,0,0.666667,8,0,6000,2060.020446,1306.960035,0,12
C10583,181.463092,1,133.39,133.39,0,219.143859,0.25,0.25,0,0.166667,2,3,2500,168.425788,169.473399,0,12
C10584,1311.732049,1,10700.63,2912.65,7787.98,0,0.916667,0.5,1,0,0,222,6000,9853.313787,280.014823,0.818182,12
C10585,542.218074,1,0,0,0,1074.741949,0,0,0,0.166667,2,0,1500,1328.855136,189.52525,0,12
C10586,1029.101022,1,49.1,0,49.1,0,0.25,0,0.25,0,0,3,1000,59.924534,8269.955787,0,12
C10587,1202.975648,1,11313.77,10133.7,1180.07,0,1,1,0.833333,0,0,98,6000,10718.04224,281.611634,0.833333,12
C10588,1095.379426,1,0,0,0,282.895246,0,0,0,0.25,3,0,1200,432.048813,256.494357,0,12
C10589,4546.766836,1,3525.37,0,3525.37,0,1,0,1,0,0,66,15000,14083.96809,1442.933291,0.25,12
C10590,28.934197,0.909091,258.74,258.74,0,0,0.666667,0.666667,0,0,0,16,12000,502.486404,105.034384,1,12
C10591,3457.086184,1,2448.6,0,2448.6,0,1,0,1,0,0,12,1700,227.514473,38512.12477,0,12
C10592,23.290641,0.727273,293.99,194.99,99,0,0.5,0.25,0.166667,0,0,6,12500,287.796655,93.027601,0.333333,12
C10593,9559.783145,1,709,709,0,771.711794,0.3,0.3,0,0.3,3,3,10500,2447.227264,2042.09446,0,10
C10594,2154.175363,1,1628.07,1628.07,0,0,0.333333,0.333333,0,0,0,8,5000,654.505745,507.655831,0,12
C10595,2627.184835,1,0,0,0,3216.192328,0,0,0,0.083333,7,0,3150,394.285767,10636.14839,0,12
C10596,2689.586312,1,0,0,0,2224.68646,0,0,0,0.083333,1,0,7000,809.880619,663.360789,0,12
C10597,11.890862,0.090909,165,165,0,0,0.083333,0.083333,0,0,0,1,15000,0,,0,12
C10598,3452.538704,1,11681.64,11681.64,0,0,1,1,0,0,0,141,10500,8145.713972,1198.614519,0,12
C10599,1068.031748,0.727273,98.97,0,98.97,0,0.416667,0,0.416667,0,0,5,2500,3594.989864,445.215577,0,12
C10600,7295.920263,1,0,0,0,721.214369,0,0,0,0.25,4,0,7500,1984.351035,3082.801095,0,12
C10601,7975.19143,1,1142.15,1017.65,124.5,2652.115823,0.5,0.333333,0.25,0.25,3,10,9000,2079.521171,2902.18515,0,12
C10602,1866.608592,1,1494.5,1494.5,0,0,0.416667,0.416667,0,0,0,8,8500,2031.589282,462.41515,0,12
C10603,259.467265,0.909091,646.24,646.24,0,0,0.083333,0.083333,0,0,0,1,10000,540.021578,183.086463,0,12
C10604,1298.191599,1,0,0,0,2052.835555,0,0,0,0.333333,9,0,3500,3009.926784,505.965923,0.083333,12
C10605,313.387813,1,3608.88,2124.75,1484.13,0,1,0.75,0.75,0,0,37,15000,2419.651857,182.527745,1,12
C10606,7088.358802,1,0,0,0,3118.050456,0,0,0,0.083333,2,0,7500,4539.526102,2183.319473,0,12
C10607,4458.045588,1,0,0,0,2846.034435,0,0,0,0.166667,6,0,5000,985.516901,1708.136351,0,12
C10608,2690.771926,1,12465.21,9805.73,2659.48,0,1,0.583333,1,0,0,79,13000,9290.702248,653.194444,0,12
C10609,15244.74865,1,7823.74,7564.81,258.93,2621.049473,1,1,1,0.083333,2,62,19000,11123.40918,4467.520244,0,12
C10610,0.327199,0.454545,24.64,24.64,0,0,0.083333,0.083333,0,0,0,1,1800,45.640106,26.849523,0,12
C10611,2492.726282,1,27957.68,23032.97,4924.71,0,1,1,0.916667,0,0,70,9000,27255.00752,537.372671,1,12
C10612,47.424621,0.545455,372,273.6,98.4,0,0.333333,0.166667,0.25,0,0,7,4000,662.401178,149.47264,0.2,12
C10613,4114.723127,1,1841.62,1456.94,384.68,4004.273974,1,1,0.25,0.416667,8,21,7500,7780.322889,950.496396,0,12
C10615,2450.031338,1,1678.07,824.21,853.86,0,1,0.25,1,0,0,33,6500,682.930065,512.073385,0,12
C10616,8781.831676,1,11674.64,9400.96,2273.68,0,1,1,0.916667,0,0,93,16000,10377.3612,2372.97281,0,12
C10617,1642.024936,1,2094.38,2094.38,0,0,0.416667,0.416667,0,0,0,17,4500,576.699993,556.378998,0,12
C10618,2739.836747,0.909091,0,0,0,2970.288928,0,0,0,0.363636,5,0,3000,3418.06811,1384.882852,0,11
C10619,1946.447038,1,411.38,411.38,0,99.078081,0.25,0.25,0,0.083333,1,5,2500,1403.266638,513.547978,0,12
C10620,9.962695,0.545455,99.19,0,99.19,0,0.5,0,0.5,0,0,7,4000,209.014647,147.337498,0.166667,12
C10621,394.269079,0.363636,525,525,0,2003.827851,0.083333,0.083333,0,0.25,12,1,2500,3747.367504,82.631551,0,12
C10622,5935.917803,1,1956.06,1777.14,178.92,0,0.916667,0.916667,0.333333,0,0,48,11500,1553.147417,1338.082337,0,12
C10623,266.588825,1,1750.51,1515.46,235.05,239.188373,1,1,0.166667,0.166667,2,31,3500,2103.253278,193.898848,0.25,12
C10624,917.732846,1,18.41,0,18.41,0,0.083333,0,0.083333,0,0,1,1000,1407.291593,424.623595,0,12
C10625,3183.529482,1,386.12,386.12,0,3715.643596,0.636364,0.636364,0,0.363636,7,9,4000,4441.185925,752.309324,0,11
C10626,2071.736764,0.909091,0,0,0,199.214973,0,0,0,0.363636,4,0,2100,553.00439,570.229181,0,11
C10627,6980.581442,1,0,0,0,11549.11174,0,0,0,0.416667,15,0,14500,1498.338478,1536.151742,0,12
C10628,724.261595,1,625.46,198.4,427.06,0,0.583333,0.166667,0.5,0,0,10,7500,721.081023,234.277687,0,12
C10629,2469.665655,1,963.13,963.13,0,0,0.666667,0.666667,0,0,0,16,7000,566.87028,639.521888,0,12
C10630,202.190447,0.545455,2011.81,2011.81,0,0,0.416667,0.416667,0,0,0,8,2100,3144.544042,165.070133,0.8,12
C10631,6787.661776,1,99.5,0,99.5,7726.511679,0.833333,0,0.75,0.416667,10,10,8000,1775.13958,2293.582697,0,12
C10632,107.298227,0.636364,1084.09,0,1084.09,0,0.666667,0,0.666667,0,0,9,8000,1515.629124,152.094041,0.714286,12
C10633,3946.876897,1,207,0,207,1546.727807,0.916667,0,0.916667,0.5,11,11,8500,1494.101923,886.539252,0,12
C10634,1246.393805,1,1757.47,907.05,850.42,0,1,0.416667,1,0,0,80,5000,1254.376139,309.542834,0,12
C10635,7155.328723,1,3837.59,1860.18,1977.41,14811.68818,1,0.916667,1,0.916667,51,52,9500,17739.94594,2500.582848,0,12
C10636,2147.939753,0.818182,117.57,117.57,0,1022.23072,0.083333,0.083333,0,0.083333,2,2,8000,5441.876882,542.296729,0.1,12
C10637,32.612745,1,1223.41,769.41,454,0,1,1,0.916667,0,0,25,6000,1222.343069,129.304142,0.8,12
C10638,5380.796813,1,1710.24,817.32,892.92,2292.800636,1,0.416667,1,0.25,6,43,6000,1572.990843,3215.771919,0,12
C10639,3419.661676,1,11.06,11.06,0,1261.347779,0.083333,0.083333,0,0.083333,1,1,4000,745.984976,1243.56477,0,12
C10640,8900.194109,1,0,0,0,4849.693752,0,0,0,0.916667,52,0,12000,2430.864139,2452.882838,0,12
C10641,837.950585,1,8273.18,2904.89,5368.29,0,1,1,1,0,0,53,7000,7883.621179,208.069929,1,12
C10642,2113.098241,1,619.93,0,619.93,1958.668173,1,0,0.916667,0.083333,2,24,4000,529.829894,508.775831,0,12
C10643,16.371699,0.3,190,0,190,0,0.2,0,0.2,0,0,3,4000,322.114468,139.674841,0.5,10
C10644,3774.063585,1,7680.08,5050.97,2629.11,0,1,0.583333,1,0,0,64,11500,2529.085319,1256.196236,0,12
C10645,1088.031913,1,9734.63,3756.01,5978.62,0,1,1,1,0,0,194,8500,8571.945329,204.762568,0.083333,12
C10646,2.175751,0.454545,0,0,0,136.662804,0,0,0,0.083333,1,0,3000,278.731912,56.686755,0.2,12
C10647,5248.392421,1,8403.17,7469.7,933.47,3141.100688,0.833333,0.666667,0.75,0.5,12,117,13000,8495.972927,1183.069705,0.25,12
C10648,9.581344,1,118.6,70,48.6,0,1,0.083333,0.916667,0,0,25,3300,117.780082,56.500841,0.1,12
C10649,3123.339488,1,11202.09,10929.53,272.56,0,1,1,0.583333,0,0,100,7500,8317.163283,887.495688,0.083333,12
C10650,1670.928797,1,794.52,794.52,0,0,0.666667,0.666667,0,0,0,16,1750,1083.625844,1196.302503,0,12
C10651,537.389322,0.9,1704.22,150.5,1553.72,0,0.9,0.2,0.8,0,0,16,1500,679.888456,160.592311,0.125,10
C10652,1803.955439,1,1044.43,801.35,243.08,103.174612,0.666667,0.416667,0.333333,0.083333,1,23,5000,1068.805913,518.001095,0,12
C10653,2394.126386,1,3651.59,1544.79,2106.8,2420.908491,1,0.833333,1,0.166667,11,111,4500,6925.337419,1646.768053,0.083333,12
C10654,544.879717,1,6477.6,3301.6,3176,0,1,1,0.916667,0,0,83,7500,6381.236136,235.661045,0.833333,12
C10655,288.474257,1,1025.03,0,1025.03,0,1,0,1,0,0,67,2800,1148.409463,183.177287,0.083333,12
C10656,1434.097191,1,0,0,0,1866.841949,0,0,0,0.083333,2,0,2400,2361.929133,390.202217,0,12
C10657,79.554406,0.636364,472.71,472.71,0,0,0.083333,0.083333,0,0,0,1,16000,563.830183,108.579632,0,12
C10658,2134.513436,1,733.35,78.6,654.75,5716.149236,0.818182,0.181818,0.818182,0.181818,7,11,3000,6801.933334,1017.637027,0.090909,11
C10659,4925.502001,1,3050.72,989.14,2061.58,10901.29827,0.583333,0.333333,0.333333,0.416667,24,16,11500,21320.89625,3913.712987,0.166667,12
C10660,62.32157,0.636364,601.35,468,133.35,0,0.416667,0.333333,0.333333,0,0,10,7000,704.075312,161.420141,0.25,12
C10661,1062.752143,1,0,0,0,496.76383,0,0,0,0.166667,3,0,1200,720.3446,369.566083,0,12
C10662,5347.377116,0.545455,0,0,0,9671.336737,0,0,0,0.083333,1,0,10500,3239.303839,3614.801495,0,12
C10663,8.555864,1,0,0,0,75.612993,0,0,0,0.083333,1,0,5000,74.218884,96.13968,0,12
C10665,164.649775,1,1764.86,1149.34,615.52,0,1,0.666667,0.916667,0,0,21,10000,1768.463643,212.73674,1,12
C10666,299.765294,1,2352.2,1136.7,1215.5,0,0.916667,0.666667,0.75,0,0,30,6500,2671.279796,185.468819,0.25,12
C10667,3725.636832,1,0,0,0,516.029064,0,0,0,0.666667,9,0,4000,1221.274221,1537.255049,0,12
C10668,306.877248,1,3877.85,2183.56,1694.29,0,0.916667,0.666667,0.75,0,0,29,12500,3639.443058,205.024983,1,12
C10669,14411.95798,1,5958.17,3161.46,2796.71,0,1,0.583333,1,0,0,98,15000,7839.750264,8096.79502,0,12
C10670,1759.969888,1,5969.33,3755.24,2214.09,1777.022586,1,1,1,0.25,4,92,16500,7272.999505,445.131364,0.25,12
C10671,1482.235539,1,14604.87,2475.93,12128.94,0,1,0.583333,1,0,0,219,15500,14462.63056,340.717801,1,12
C10672,6014.806806,1,433.63,433.63,0,2433.987199,0.25,0.25,0,0.583333,13,5,7000,1534.75789,1663.455756,0,12
C10673,5619.157028,1,2790.76,2549.25,241.51,0,1,1,0.333333,0,0,36,14000,1778.284067,1355.651702,0,12
C10674,365.12275,1,571.32,0,571.32,4961.005282,0.5,0,0.333333,0.416667,14,3,4000,5308.488824,216.48223,0.454545,12
C10675,1728.079372,1,0,0,0,1662.824051,0,0,0,0.166667,4,0,1800,141.505315,10592.53719,0,12
C10676,1043.249828,1,281.25,0,281.25,1361.24762,1,0,0.888889,0.444444,4,9,1200,634.96657,965.13244,0,9
C10677,2571.925816,1,1701.9,464.9,1237,1089.064313,1,0.25,1,0.333333,5,55,3000,710.210734,684.951673,0,12
C10678,7760.5254,1,14332.92,10588.97,3743.95,0,1,0.909091,0.909091,0,0,152,16000,7116.531862,2117.186083,0,11
C10679,61.644247,0.363636,490.6,0,490.6,0,0.272727,0,0.272727,0,0,3,18000,1197.347043,131.19619,1,11
C10680,0,0,0,0,0,310.888779,0,0,0,0.083333,1,0,9000,0,,0,12
C10681,1724.2041,1,8371.19,4192.8,4178.39,959.946429,1,0.5,1,0.083333,1,87,3800,9582.782864,1805.370785,0.25,12
C10682,558.989996,0.818182,4552.44,1234,3318.44,0,0.75,0.166667,0.583333,0,0,15,5000,5496.343824,173.931803,1,12
C10683,15.728894,0.272727,202,202,0,0,0.166667,0.166667,0,0,0,2,2000,200.169721,43.909196,0,12
C10684,3808.073463,0.909091,6030.34,2874.89,3155.45,7279.880364,1,0.5,1,0.5,62,104,7000,17084.85192,2068.25205,0.090909,12
C10685,28.394518,0.181818,379.3,0,379.3,0,0.166667,0,0.166667,0,0,6,2500,534.818301,28.994494,0.181818,12
C10686,2515.968879,1,1877.24,926.9,950.34,0,0.166667,0.166667,0.083333,0,0,29,8500,4503.07943,810.909841,0.083333,12
C10688,408.069031,1,3660.97,3660.97,0,0,1,1,0,0,0,33,7500,4471.044825,188.409994,0.666667,12
C10689,975.165854,1,2281.56,2281.56,0,98.596565,0.916667,0.916667,0,0.166667,2,29,20000,2068.187388,243.235999,0,12
C10690,879.190921,1,45.65,45.65,0,1246.223848,0.083333,0.083333,0,0.166667,2,1,1200,1589.980022,439.870516,0.1,12
C10691,2331.38017,1,1919.66,1310.9,608.76,0,0.916667,0.416667,0.75,0,0,34,6000,6725.483653,609.161536,0,12
C10692,27.20711,0.818182,685.08,220,465.08,0,0.583333,0.25,0.5,0,0,24,13000,798.047921,66.969941,0.25,12
C10693,1418.254924,1,362.13,0,362.13,0,1,0,1,0,0,19,1200,496.114334,15914.72154,0,12
C10694,1.979916,0.125,80,80,0,0,0.125,0.125,0,0,0,1,1500,0,,0,8
C10695,331.586253,1,3703.36,1653.98,2049.38,0,1,1,1,0,0,54,7500,3229.189675,195.370312,0.916667,12
C10696,10359.45471,1,12650,12650,0,2781.682203,0.25,0.25,0,0.166667,2,10,10500,7566.470234,9170.428051,0,12
C10697,2144.477682,1,228.35,228.35,0,1908.662268,0.333333,0.333333,0,0.083333,1,7,4000,2520.722012,507.937007,0,12
C10698,2927.082849,0.9,0,0,0,3987.822594,0,0,0,0.3,5,0,4000,862.790575,1178.426048,0,10
C10699,654.747715,1,1969.24,567.47,1401.77,0,0.916667,0.25,0.916667,0,0,30,12000,2011.781378,219.067764,0,12
C10700,1162.770552,1,533.36,0,533.36,19.292323,0.666667,0,0.583333,0.083333,1,8,1200,632.227172,1395.576542,0,12
C10701,4094.433899,1,0,0,0,1618.325972,0,0,0,0.5,8,0,7500,1070.599052,1441.148962,0,12
C10702,278.142977,1,1901.94,367,1534.94,0,1,0.166667,1,0,0,34,4500,1624.241905,168.938924,0,12
C10703,5941.847384,1,0,0,0,744.138154,0,0,0,0.166667,2,0,7000,1756.829998,2166.204489,0,12
C10704,983.339069,1,5601.54,3073.82,2527.72,36.336457,1,0.75,1,0.083333,1,182,7500,4807.552996,207.134142,0.166667,12
C10705,820.05973,1,162.56,0,162.56,0,0.5,0,0.5,0,0,6,1000,215.685296,7281.645049,0,12
C10706,7025.757291,1,66.32,66.32,0,8733.135566,0.083333,0.083333,0,0.583333,16,1,9000,9547.622542,2385.432813,0,12
C10707,1.411754,0.2,19.9,0,19.9,0,0.2,0,0.1,0,0,2,6500,49.622958,48.782575,0.5,10
C10708,5656.069801,1,362.36,362.36,0,7240.433194,0.25,0.25,0,1.25,12,2,8000,683.421497,2036.877611,0,8
C10709,2705.591995,1,818.02,326.02,492,2758.007287,1,0.083333,1,0.083333,3,14,3000,4055.34116,1002.627519,0.083333,12
C10710,235.294264,1,1286.2,1286.2,0,0,1,1,0,0,0,24,4000,1272.434565,218.00803,0,12
C10711,3472.806962,1,1800,0,1800,2642.846513,1,0,1,0.083333,7,12,6000,2214.368263,4093.868044,0,12
C10712,2892.138807,1,0,0,0,129.381701,0,0,0,0.333333,5,0,3000,666.956678,1066.060177,0,12
C10713,145.973232,0.818182,1131.08,0,1131.08,0,0.583333,0,0.5,0,0,25,18000,1317.549381,481.452747,0.25,12
C10714,1943.792266,1,83.35,0,83.35,0,0.142857,0,0.142857,0,0,1,4000,290.353132,276.463002,0,7
C10715,2119.537904,1,342.07,270.07,72,0,0.583333,0.5,0.166667,0,0,11,3000,3505.371815,894.910352,0,12
C10716,233.395491,0.818182,2025,2025,0,385.62779,0.75,0.75,0,0.083333,1,21,6000,2420.445403,118.312302,0.5,12
C10717,318.186198,1,3548.64,2949.37,599.27,0,1,0.916667,1,0,0,51,20000,3908.960912,199.621137,1,12
C10718,448.190189,1,1687.29,1687.29,0,0,0.5,0.5,0,0,0,8,11500,1464.000198,261.032083,0.166667,12
C10719,908.354652,1,231.35,0,231.35,944.183414,1,0,0.857143,0.142857,3,7,1000,161.97536,930.115009,0,7
C10720,546.844163,1,2427.26,1587.34,839.92,0,1,1,1,0,0,30,5000,1747.703784,176.211823,0.333333,12
C10721,763.327047,1,579.28,300,279.28,727.52546,0.5,0.166667,0.416667,0.083333,1,13,1200,635.871404,220.685812,0,12
C10722,1495.801569,1,420.03,320.03,100,0,1,0.25,1,0,0,16,6600,1283.885302,389.191998,0,12
C10723,7006.751866,1,328.92,328.92,0,9497.696525,0.166667,0.166667,0,0.666667,12,2,10000,659.559695,1400.681628,0,6
C10724,4414.952906,1,419.64,0,419.64,0,1,0,1,0,0,12,4200,467.204852,24302.09819,0,12
C10725,255.052529,1,3267.03,1439.07,1827.96,0,1,1,1,0,0,101,6000,2841.850383,173.710118,1,12